Identification Number,Email Address,Survey 1 Total,Survey 2 Total
5835,daveed@yahoo.com,18,8
6915,gumpish@sbcglobal.net,0,1
6458,hedwig@hotmail.com,15,3
7045,kimvette@comcast.net,15,12
2828,bsikdar@aol.com,12,8
7019,animats@verizon.net,15,1
9722,claesjac@yahoo.ca,17,7
4902,kronvold@live.com,13,6
6269,jsnover@comcast.net,17,9
7383,miyop@outlook.com,11,3
4943,onestab@optonline.net,12,9
5236,ubergeeb@sbcglobal.net,1,8
3946,lipeng@yahoo.com,19,9
4585,dmiller@aol.com,4,9
4060,joelw@icloud.com,18,6
6054,ryanshaw@optonline.net,16,9
4184,stellaau@outlook.com,14,8
1130,jamuir@live.com,4,13
5321,irving@sbcglobal.net,3,4
9304,ournews@live.com,14,11
6089,mrobshaw@verizon.net,9,15
2577,heidrich@yahoo.com,3,15
8314,miltchev@gmail.com,5,8
2506,campware@gmail.com,18,5
7178,kdawson@sbcglobal.net,17,9
5628,empathy@comcast.net,1,5
4194,credmond@optonline.net,9,3
8363,krueger@comcast.net,16,0
4218,cfhsoft@me.com,1,1
9262,maneesh@gmail.com,7,8
1896,rwelty@me.com,4,6
4885,peterhoeg@outlook.com,19,13
6389,boftx@yahoo.ca,3,10
7787,wmszeliga@att.net,11,10
2810,jugalator@msn.com,1,1
4554,marin@live.com,1,4
8701,stellaau@gmail.com,9,3
9397,doche@yahoo.com,0,2
8835,konst@hotmail.com,2,1
6336,yzheng@yahoo.ca,12,7
1683,hermes@aol.com,16,12
3611,meinkej@optonline.net,6,8
2041,tristan@me.com,20,6
6158,drolsky@hotmail.com,10,13
2528,ntegrity@live.com,11,8
9635,hamilton@mac.com,12,13
7199,amcuri@sbcglobal.net,4,6
6057,smallpaul@hotmail.com,11,4
2578,druschel@sbcglobal.net,16,8
6739,hamilton@icloud.com,4,12
9969,nelson@aol.com,16,12
7844,papathan@msn.com,19,12
6060,dowdy@live.com,5,14
2838,gfody@sbcglobal.net,20,12
4198,ganter@optonline.net,11,12
5019,lstaf@mac.com,6,6
5935,sburke@hotmail.com,9,11
9065,dpitts@me.com,2,13
3878,mcsporran@aol.com,0,4
3085,lushe@live.com,14,15
3106,keutzer@verizon.net,15,12
6819,roesch@icloud.com,16,3
6700,frode@att.net,7,2
9641,wkrebs@sbcglobal.net,17,6
6332,djpig@att.net,11,2
9673,staffelb@outlook.com,20,3
6496,cumarana@aol.com,9,1
4525,crimsane@optonline.net,10,11
1473,andersbr@me.com,7,14
2053,arandal@gmail.com,2,7
1604,lipeng@optonline.net,18,10
8548,gtewari@gmail.com,16,5
3144,ahuillet@yahoo.ca,20,5
1620,mdielmann@msn.com,17,6
8095,lpalmer@hotmail.com,12,5
4269,chrisk@yahoo.ca,4,8
6360,yamla@live.com,12,15
5349,luebke@yahoo.com,2,12
8206,jshearer@gmail.com,0,15
3779,danny@mac.com,14,10
2280,pgolle@gmail.com,4,12
5448,ijackson@att.net,19,2
9800,reziac@optonline.net,1,1
5910,elmer@att.net,7,8
8094,jorgb@hotmail.com,0,12
7479,bahwi@msn.com,11,1
3564,kidehen@verizon.net,17,10
6482,rhavyn@msn.com,3,11
9696,lauronen@hotmail.com,6,10
7139,magusnet@verizon.net,2,8
9686,inico@optonline.net,17,14
1681,choset@icloud.com,0,2
8577,danneng@hotmail.com,13,11
4655,plover@yahoo.ca,9,15
7839,preneel@outlook.com,20,4
2083,maikelnai@me.com,3,7
7514,wenzlaff@msn.com,7,11
3433,rhavyn@optonline.net,19,8
7291,malattia@hotmail.com,1,3
7580,oster@mac.com,8,12
7980,kassiesa@yahoo.com,3,5
3358,webinc@gmail.com,2,3
1219,ajohnson@me.com,8,11
3069,ghaviv@me.com,19,14
5653,rkobes@msn.com,7,5
8266,jginspace@yahoo.com,2,1
1015,crowemojo@att.net,15,9
7898,agapow@aol.com,0,6
6077,mhassel@gmail.com,5,10
4317,noneme@msn.com,3,6
3828,leviathan@outlook.com,16,9
2507,tubajon@mac.com,5,2
9438,maikelnai@comcast.net,13,10
6953,purvis@outlook.com,4,11
2747,onestab@me.com,1,15
1982,crimsane@yahoo.ca,9,3
6565,padme@comcast.net,17,13
4424,staffelb@msn.com,2,14
6648,kosact@comcast.net,19,6
3059,nelson@aol.com,20,9
3045,valdez@aol.com,7,0
5372,punkis@verizon.net,10,11
9948,wildixon@verizon.net,0,15
4945,rcwil@mac.com,0,11
4468,juerd@outlook.com,12,7
3025,leocharre@yahoo.com,13,6
7706,dhrakar@aol.com,10,7
7609,srour@att.net,2,13
3109,kayvonf@optonline.net,18,11
5740,reeds@icloud.com,19,2
9483,gfxguy@me.com,6,1
5946,purvis@me.com,0,12
1280,jamuir@optonline.net,0,12
2914,campware@sbcglobal.net,9,4
1431,jsbach@comcast.net,9,10
3400,saridder@mac.com,5,4
6502,sjava@mac.com,12,3
1091,pontipak@yahoo.ca,6,4
1582,jsbach@yahoo.com,2,3
4584,claypool@outlook.com,10,11
5912,weazelman@msn.com,6,4
5110,sburke@msn.com,19,10
9309,podmaster@hotmail.com,12,4
6869,devphil@aol.com,15,14
9043,dimensio@msn.com,8,7
1097,joglo@yahoo.ca,16,3
6732,amcuri@sbcglobal.net,19,0
8565,petersko@yahoo.ca,0,11
6038,staffelb@me.com,19,5
4899,mgemmons@hotmail.com,6,3
4660,sumdumass@me.com,13,9
8251,policies@yahoo.com,19,15
5852,notaprguy@att.net,1,10
8632,cliffski@outlook.com,1,15
4621,jbuchana@live.com,2,13
7475,darin@yahoo.com,6,1
1326,pakaste@verizon.net,19,6
7516,psichel@hotmail.com,6,8
4543,notaprguy@optonline.net,15,15
3767,snunez@optonline.net,18,5
9973,cisugrad@comcast.net,9,15
7342,dleconte@me.com,20,3
7482,jeffcovey@att.net,18,10
4799,dgriffith@icloud.com,14,1
9979,dvdotnet@icloud.com,11,2
3730,fangorn@mac.com,6,4
4684,sequin@me.com,20,12
3976,jtorkbob@verizon.net,7,6
5413,lukka@att.net,13,10
7317,naoya@outlook.com,10,15
6385,monkeydo@outlook.com,11,9
4161,carreras@hotmail.com,7,1
4674,ateniese@att.net,0,2
1123,jimxugle@att.net,2,11
6397,zeller@aol.com,4,8
8770,mlewan@yahoo.com,8,4
2665,goresky@att.net,6,6
8874,mchugh@att.net,3,2
6207,claypool@verizon.net,8,11
2549,kmself@mac.com,2,7
2643,lukka@mac.com,13,9
3092,aukjan@mac.com,2,5
6578,boein@msn.com,9,1
7242,helger@mac.com,7,12
3046,mhanoh@outlook.com,1,10
6078,elmer@verizon.net,1,11
4965,mfleming@comcast.net,5,0
3462,parsimony@comcast.net,5,7
2511,kempsonc@verizon.net,11,7
3492,sethbrown@outlook.com,15,4
2683,cliffordj@msn.com,15,10
1085,penna@comcast.net,18,12
1064,nighthawk@outlook.com,18,8
3262,mbrown@live.com,10,4
4696,cosimo@optonline.net,11,7
5047,pmint@mac.com,18,9
4025,falcao@yahoo.ca,7,5
7116,fmerges@icloud.com,17,4
1618,wsnyder@mac.com,3,14
2294,kosact@outlook.com,17,10
3588,jfreedma@aol.com,1,4
9613,keutzer@yahoo.ca,8,2
5691,scottlee@mac.com,10,8
4246,cparis@mac.com,20,7
3681,madanm@gmail.com,11,0
6402,parrt@hotmail.com,2,8
2194,tangsh@me.com,2,9
7496,ajohnson@yahoo.com,2,11
9272,scarlet@hotmail.com,8,1
5841,markjugg@hotmail.com,1,15
9161,overbom@mac.com,8,6
6107,preneel@me.com,10,1
3158,mkearl@yahoo.ca,3,3
2991,nacho@outlook.com,8,10
5903,netsfr@yahoo.com,18,13
2918,ideguy@hotmail.com,18,8
6404,mwilson@verizon.net,16,6
3178,psharpe@gmail.com,2,7
3772,ewaters@live.com,10,10
1718,chlim@msn.com,19,11
9848,flavell@yahoo.com,15,11
5136,mglee@icloud.com,12,13
1557,burniske@gmail.com,20,8
7634,leakin@hotmail.com,18,11
2441,boftx@gmail.com,9,6
1830,bhtower@gmail.com,17,14
7798,afeldspar@yahoo.ca,11,4
2629,carmena@comcast.net,16,8
1934,johnh@comcast.net,19,6
4538,shazow@yahoo.ca,19,2
9257,hahsler@gmail.com,2,9
5062,choset@msn.com,11,14
6069,parasite@yahoo.ca,13,11
8304,carcus@me.com,7,9
7321,aibrahim@aol.com,16,6
6280,andersbr@comcast.net,13,14
8824,dpitts@hotmail.com,9,5
5696,rgarcia@comcast.net,0,13
3977,weidai@hotmail.com,0,2
4985,bbirth@yahoo.com,11,1
7880,andrewik@icloud.com,9,1
1413,killmenow@comcast.net,15,10
4425,fmerges@optonline.net,19,15
6084,ovprit@sbcglobal.net,5,2
7328,gregh@outlook.com,1,4
6247,pkilab@yahoo.com,15,10
1750,draper@att.net,19,11
5695,netsfr@mac.com,8,4
4181,airship@gmail.com,18,3
3814,british@aol.com,4,13
7310,schwaang@optonline.net,20,8
3856,parsimony@sbcglobal.net,11,9
6823,granboul@live.com,9,15
1602,fairbank@sbcglobal.net,20,3
3137,sacraver@sbcglobal.net,7,9
4903,psichel@yahoo.com,19,0
3859,yfreund@hotmail.com,12,3
1767,bryam@optonline.net,18,2
9335,jdhedden@mac.com,3,15
2057,sopwith@verizon.net,19,3
3521,miami@live.com,15,10
4042,nasor@msn.com,7,8
6964,isaacson@sbcglobal.net,16,6
6639,srour@me.com,18,14
9170,fangorn@icloud.com,15,12
9615,melnik@gmail.com,10,12
7456,fviegas@aol.com,7,6
9163,kingma@att.net,6,13
2225,tlinden@comcast.net,2,14
2809,cparis@icloud.com,13,10
8321,wonderkid@me.com,11,10
7070,ghost@aol.com,13,9
9124,reziac@yahoo.com,5,1
4387,ournews@me.com,3,7
8065,mcmillan@yahoo.ca,8,5
1252,sopwith@aol.com,14,3
5316,esokullu@hotmail.com,4,1
4576,noticias@icloud.com,14,15
5244,pdbaby@gmail.com,10,7
8382,grossman@comcast.net,2,1
4189,leslie@hotmail.com,6,15
2258,seasweb@sbcglobal.net,12,3
1058,sinclair@att.net,4,8
5238,bjornk@optonline.net,20,2
4422,mcmillan@aol.com,12,0
1528,johnh@sbcglobal.net,10,8
4625,munjal@yahoo.ca,15,6
7676,kostas@yahoo.ca,13,3
1704,pkplex@aol.com,2,0
6605,nimaclea@sbcglobal.net,13,4
8723,kayvonf@optonline.net,8,10
6865,ingolfke@outlook.com,3,4
1773,ilikered@comcast.net,16,7
6921,terjesa@yahoo.com,14,1
5308,dobey@sbcglobal.net,7,12
6649,smallpaul@me.com,8,3
8946,unreal@optonline.net,3,3
1531,jwarren@outlook.com,9,6
4905,airship@yahoo.ca,4,0
8226,stewwy@live.com,17,7
7288,gozer@sbcglobal.net,0,3
3515,chrwin@live.com,7,6
5855,tangsh@verizon.net,17,14
3836,hellfire@yahoo.ca,16,9
8736,bahwi@att.net,0,15
2594,jwarren@icloud.com,19,9
2561,aprakash@icloud.com,10,14
1629,jemarch@me.com,2,11
3677,gregh@mac.com,12,2
3004,onestab@yahoo.com,2,5
2144,graham@att.net,13,15
4556,stern@yahoo.ca,6,3
2227,tarreau@mac.com,10,10
4429,draper@hotmail.com,9,7
7120,yzheng@hotmail.com,16,9
4484,frostman@comcast.net,11,4
2971,sakusha@aol.com,9,0
7228,birddog@optonline.net,1,9
5722,tjensen@sbcglobal.net,17,13
9560,bahwi@hotmail.com,15,9
4804,aracne@outlook.com,8,7
4699,sopwith@me.com,4,12
7075,munson@icloud.com,6,6
1921,amaranth@gmail.com,16,8
4508,reziac@yahoo.ca,20,11
8918,jandrese@live.com,1,3
1769,cmdrgravy@aol.com,16,5
1710,jbryan@gmail.com,14,8
2421,jeffcovey@hotmail.com,17,15
1061,treeves@msn.com,5,7
9245,sinkou@sbcglobal.net,11,8
1245,ramollin@optonline.net,19,6
2006,shrapnull@att.net,18,10
1289,evans@aol.com,20,14
3000,brickbat@aol.com,12,12
4583,maneesh@live.com,1,8
3422,research@mac.com,3,7
7340,doormat@aol.com,7,10
9821,milton@yahoo.ca,0,5
2004,danneng@optonline.net,7,15
8766,sinkou@gmail.com,16,1
6405,aschmitz@aol.com,13,1
2220,brainless@comcast.net,5,0
4151,falcao@yahoo.com,20,1
4642,wojciech@icloud.com,11,14
3905,singer@verizon.net,2,15
8420,neonatus@icloud.com,17,0
4175,bhtower@gmail.com,2,3
3330,vganesh@optonline.net,11,5
4770,corrada@icloud.com,6,7
2784,cgarcia@comcast.net,16,11
7818,darin@comcast.net,7,12
5495,manuals@sbcglobal.net,3,1
2743,kourai@yahoo.com,9,14
5631,loscar@yahoo.com,8,5
5471,ryanshaw@msn.com,17,0
7922,syncnine@live.com,2,11
2368,dburrows@comcast.net,12,14
3587,psharpe@optonline.net,9,0
5291,dmouse@comcast.net,2,14
2056,wbarker@yahoo.com,20,12
2523,ilikered@hotmail.com,12,12
7192,mthurn@verizon.net,15,3
9083,improv@me.com,0,11
3505,tokuhirom@icloud.com,17,10
3300,haddawy@comcast.net,10,5
1163,ilial@optonline.net,17,12
1776,singh@yahoo.ca,5,5
5647,denton@mac.com,13,14
4878,terjesa@hotmail.com,5,6
6746,kodeman@hotmail.com,14,8
5104,gfody@optonline.net,13,3
3445,smallpaul@live.com,11,12
8296,floxy@comcast.net,16,9
9818,dsowsy@att.net,0,5
4954,petersko@comcast.net,13,1
1046,aegreene@yahoo.ca,12,5
8652,szymansk@msn.com,8,0
1493,gmcgath@aol.com,20,12
6262,mcast@optonline.net,4,15
4325,lushe@hotmail.com,13,5
8797,jfreedma@verizon.net,15,13
8923,wbarker@mac.com,3,1
3322,danzigism@outlook.com,0,12
6357,dsugal@me.com,17,4
6178,ralamosm@verizon.net,18,14
9645,geeber@hotmail.com,8,2
9122,rafasgj@att.net,20,1
3643,rohitm@mac.com,0,1
9665,boser@aol.com,13,13
1852,thaljef@att.net,4,0
7758,msherr@live.com,4,0
1324,whimsy@icloud.com,1,1
2637,ateniese@optonline.net,8,13
6345,morain@sbcglobal.net,16,14
3749,steve@live.com,12,4
5058,raides@gmail.com,5,14
1239,sekiya@optonline.net,15,0
8525,bulletin@icloud.com,19,14
4272,rfisher@msn.com,7,13
5116,hutton@verizon.net,10,8
8861,gumpish@gmail.com,11,2
6313,bastian@verizon.net,13,11
8191,mgreen@comcast.net,20,5
4382,dunstan@live.com,12,9
4807,kuparine@gmail.com,4,0
6973,marioph@att.net,15,5
2947,duchamp@gmail.com,7,15
7492,catalog@gmail.com,12,2
3263,leviathan@verizon.net,9,2
6135,dowdy@sbcglobal.net,11,2
5624,smallpaul@aol.com,6,9
6328,bader@comcast.net,12,11
8762,eminence@hotmail.com,2,12
6033,matty@aol.com,15,4
2476,inico@icloud.com,19,15
3417,alhajj@me.com,13,7
4155,moonlapse@mac.com,1,13
7538,wenzlaff@msn.com,6,13
3435,pizza@yahoo.com,20,6
8428,wmszeliga@live.com,20,12
7184,dgatwood@msn.com,16,13
1119,chaki@msn.com,12,5
8431,fangorn@msn.com,7,2
8409,johnbob@yahoo.ca,12,5
1548,eegsa@sbcglobal.net,14,3
1953,sjmuir@sbcglobal.net,13,6
5127,fglock@icloud.com,7,12
3373,harpes@att.net,13,0
3143,rsmartin@hotmail.com,8,0
2045,parksh@yahoo.ca,0,9
7819,campware@me.com,16,12
4858,gmcgath@live.com,16,5
6037,miami@icloud.com,14,11
8605,dhwon@optonline.net,8,7
3395,grinder@att.net,5,10
2804,mmccool@sbcglobal.net,19,5
6460,cmdrgravy@me.com,17,3
2760,subir@gmail.com,17,13
4113,amichalo@att.net,8,13
3615,kalpol@aol.com,18,6
3020,dogdude@verizon.net,1,8
3802,karasik@icloud.com,16,10
9787,storerm@comcast.net,3,10
8398,karasik@sbcglobal.net,18,8
2185,parkes@icloud.com,19,8
4009,neuffer@yahoo.ca,12,13
5809,spadkins@me.com,15,14
4926,emcleod@sbcglobal.net,7,9
6563,harryh@msn.com,20,5
1211,lbaxter@yahoo.com,5,13
5335,solomon@msn.com,0,7
2191,intlprog@msn.com,3,2
9735,danneng@yahoo.com,8,9
3986,mhoffman@hotmail.com,17,2
7152,timtroyr@outlook.com,8,8
5619,mosses@comcast.net,14,2
8332,wildfire@mac.com,15,11
9632,hauma@gmail.com,0,9
1460,qmacro@outlook.com,4,1
8329,bahwi@comcast.net,4,7
6632,cliffordj@att.net,4,8
4542,nweaver@mac.com,9,3
1415,symbolic@sbcglobal.net,20,2
9634,treeves@yahoo.ca,19,12
2337,yfreund@optonline.net,4,5
9859,mfburgo@sbcglobal.net,14,15
7452,luebke@hotmail.com,11,11
4208,keijser@verizon.net,20,2
6192,rgarton@live.com,14,15
8779,feamster@outlook.com,15,11
1775,horrocks@yahoo.ca,18,8
4996,wiseb@live.com,10,3
2765,nasarius@mac.com,6,13
8685,rcwil@mac.com,10,6
7646,mcast@att.net,13,4
3526,sartak@att.net,19,6
9965,kalpol@aol.c,10,9
7711,oster@comcast.net,17,1
5677,sartak@att.net,4,11
2621,dodong@icloud.com,5,0
8867,itstatus@hotmail.com,15,7
8011,shazow@icloud.com,11,7
7918,brbarret@mac.com,12,14
7526,alias@att.net,9,10
7611,crusader@att.net,15,9
2462,mbrown@live.com,16,0
4389,mailarc@outlook.com,4,13
3805,jshirley@att.net,13,1
6154,adamk@live.com,4,4
8557,mfleming@yahoo.ca,18,0
2818,flavell@gmail.com,16,15
5472,metzzo@msn.com,13,7
6595,stinson@yahoo.ca,14,2
6762,lpalmer@yahoo.ca,17,0
5090,natepuri@me.com,17,5
1546,dwendlan@msn.com,12,10
4215,dogdude@verizon.net,15,6
8170,calin@gmail.com,17,7
1229,bdbrown@comcast.net,17,13
6490,whimsy@sbcglobal.net,20,15
1446,jbuchana@msn.com,6,12
8060,luvirini@yahoo.com,1,4
9586,bhtower@me.com,16,5
7584,jusdisgi@verizon.net,13,2
4634,rattenbt@hotmail.com,9,6
9372,dmath@aol.com,9,11
2257,djupedal@comcast.net,15,10
7802,jbryan@sbcglobal.net,11,13
5959,bastian@comcast.net,3,11
9364,syrinx@aol.com,3,8
6607,janusfury@hotmail.com,18,10
4171,bjornk@yahoo.ca,5,11
6633,jelmer@me.com,1,1
9661,kronvold@yahoo.ca,20,8
1005,presoff@icloud.com,10,2
7270,ateniese@mac.com,18,3
6264,rgarcia@outlook.com,15,9
1474,mkearl@outlook.com,3,2
4323,lridener@sbcglobal.net,1,12
8994,tokuhirom@me.com,12,2
3840,isorashi@sbcglobal.net,9,4
9719,koudas@mac.com,15,13
8941,jdray@outlook.com,10,14
4388,avalon@hotmail.com,13,5
5775,euice@verizon.net,11,4
9583,kostas@me.com,0,2
4497,jfmulder@optonline.net,4,15
2921,jmcnamara@outlook.com,9,6
5525,seasweb@att.net,20,15
3815,esbeck@yahoo.ca,0,3
5893,murty@optonline.net,11,10
7930,aegreene@yahoo.com,7,7
1509,eimear@mac.com,18,14
9158,euice@optonline.net,18,5
7807,sacraver@optonline.net,19,13
3457,jmmuller@optonline.net,8,13
7320,gilmoure@gmail.com,12,8
6270,cameron@yahoo.com,8,14
6088,jrkorson@icloud.com,20,9
3871,eimear@hotmail.com,18,8
1139,nacho@me.com,10,7
1907,nichoj@aol.com,17,0
3352,heroine@sbcglobal.net,19,4
8386,uncle@att.net,15,5
4014,mstrout@msn.com,14,14
2595,wbarker@aol.com,7,4
1911,jaffe@sbcglobal.net,1,12
9052,brbarret@outlook.com,19,13
7859,jamuir@verizon.net,19,7
7401,greear@me.com,6,14
2616,debest@att.net,9,10
1912,enintend@yahoo.com,14,13
3534,breegster@optonline.net,15,3
4332,storerm@aol.com,2,8
1080,jipsen@hotmail.com,12,1
6226,trieuvan@icloud.com,19,8
8882,jdray@icloud.com,13,12
8718,enintend@att.net,1,7
6380,boomzilla@optonline.net,7,2
4886,jgwang@msn.com,0,2
5891,sharon@yahoo.ca,17,10
1444,gbacon@msn.com,3,14
4701,nasor@comcast.net,15,6
3563,corrada@live.com,9,5
1078,choset@msn.com,3,7
2475,horrocks@yahoo.ca,8,11
7155,syrinx@hotmail.com,13,9
9283,bdthomas@comcast.net,17,9
3649,vlefevre@msn.com,7,2
5249,cyrus@aol.com,13,0
5865,galbra@mac.com,0,10
7515,amcuri@comcast.net,13,13
9461,epeeist@att.net,0,3
6399,william@att.net,0,6
9609,amimojo@sbcglobal.net,13,12
3975,cgcra@yahoo.ca,9,9
5095,nelson@msn.com,19,3
7782,rande@hotmail.com,16,7
2545,bastian@verizon.net,11,3
5074,magusnet@gmail.com,16,14
8335,markjugg@hotmail.com,7,6
6261,sharon@msn.com,17,3
6011,hakim@yahoo.com,15,7
5671,lbecchi@sbcglobal.net,16,6
5950,mcast@aol.com,7,13
5210,crypt@msn.com,2,0
8888,world@msn.com,15,5
4368,aglassis@outlook.com,1,3
6801,karasik@yahoo.ca,18,14
5343,monopole@yahoo.com,15,10
7669,cyrus@optonline.net,4,11
7421,adhere@msn.com,0,12
1702,kildjean@icloud.com,10,4
5497,juerd@me.com,20,4
8710,noahb@optonline.net,7,3
3170,kosact@outlook.com,5,6
2303,ghaviv@me.com,20,13
9900,lstaf@me.com,10,8
2432,killmenow@hotmail.com,7,12
7542,rfoley@sbcglobal.net,0,8
5407,birddog@yahoo.ca,14,15
8505,shaffei@hotmail.com,1,5
9854,tristan@mac.com,19,13
3936,garland@yahoo.com,1,14
5553,raines@gmail.com,4,11
5554,rkobes@optonline.net,8,3
1842,gamma@sbcglobal.net,8,3
2920,bdbrown@optonline.net,3,2
4462,fhirsch@att.net,9,8
3789,alfred@yahoo.ca,16,0
6141,skoch@aol.com,1,3
8922,bester@icloud.com,7,0
9757,nanop@me.com,15,2
9844,kudra@yahoo.ca,0,14
2752,dwheeler@hotmail.com,10,14
9082,ilikered@aol.com,8,5
9453,retoh@hotmail.com,9,13
1408,demmel@gmail.com,17,8
3565,gerlo@yahoo.ca,17,4
9535,punkis@comcast.net,2,0
8353,jshirley@verizon.net,16,12
3622,pakaste@hotmail.com,3,8
7651,bigmauler@verizon.net,11,12
5088,aukjan@mac.com,15,12
9426,gavinls@yahoo.com,1,2
2996,portscan@hotmail.com,19,15
4070,wmszeliga@yahoo.ca,1,7
9930,joglo@gmail.com,13,14
7244,teverett@hotmail.com,0,9
9366,chrwin@yahoo.ca,0,9
1942,nimaclea@yahoo.com,1,15
5441,rbarreira@hotmail.com,2,9
7395,north@me.com,3,7
4883,gbacon@att.net,18,13
4312,petersen@comcast.net,8,11
4910,srour@msn.com,2,2
4234,nanop@live.com,13,6
4460,pgolle@verizon.net,0,5
4936,djpig@msn.com,8,9
5273,stewwy@gmail.com,17,6
8069,lukka@live.com,17,15
5153,themer@optonline.net,8,9
6382,kannan@live.com,9,8
9267,parasite@att.net,10,15
8020,russotto@msn.com,3,10
9373,crowl@aol.com,12,10
6895,nanop@outlook.com,11,2
3626,sjmuir@yahoo.com,0,5
6906,gward@verizon.net,18,13
7059,smcnabb@att.net,4,8
2592,wbarker@comcast.net,15,2
9772,tsuruta@live.com,12,10
9737,devphil@gmail.com,2,13
8155,jshirley@verizon.net,8,7
9389,forsberg@verizon.net,8,14
8073,hwestiii@live.com,12,11
5502,ccohen@optonline.net,13,4
9474,dougj@verizon.net,11,9
4217,dgriffith@msn.com,14,12
9643,sokol@live.com,14,6
8241,amichalo@me.com,12,15
3194,animats@sbcglobal.net,6,3
1491,alias@gmail.com,7,12
9687,eminence@live.com,1,14
2263,kwilliams@aol.com,13,7
9039,conteb@yahoo.com,3,3
6431,msusa@msn.com,18,2
1864,ubergeeb@aol.com,5,12
1024,enintend@yahoo.com,15,8
9377,sumdumass@outlook.com,7,15
6002,msroth@icloud.com,1,4
6499,errxn@comcast.net,17,10
7010,juerd@optonline.net,9,7
8104,scarlet@gmail.com,1,3
9588,chunzi@icloud.com,1,7
3011,monkeydo@optonline.net,6,1
8746,carroll@optonline.net,7,7
5530,bflong@gmail.com,3,15
8295,nachbaur@gmail.com,2,13
1054,rmcfarla@mac.com,1,11
6544,mugwump@outlook.com,2,9
6007,world@att.net,4,0
3484,johnh@att.net,17,4
6092,vmalik@yahoo.ca,13,12
5642,bryanw@sbcglobal.net,3,8
2176,fraser@att.net,6,3
1136,dvdotnet@att.net,2,5
3732,killmenow@yahoo.ca,10,7
7203,ehood@mac.com,2,13
8914,geoffr@hotmail.com,19,0
6355,konit@comcast.net,10,2
2439,qmacro@yahoo.ca,11,12
4437,vlefevre@comcast.net,10,4
4940,mnemonic@live.com,11,7
5475,aaribaud@yahoo.ca,15,2
4051,fraterk@msn.com,7,2
1827,gtaylor@mac.com,2,3
9966,jacks@sbcglobal.net,4,14
6411,jbailie@sbcglobal.net,9,1
9261,rddesign@sbcglobal.net,16,2
8833,sriha@gmail.com,18,12
2348,hahiss@icloud.com,4,12
2287,snunez@verizon.net,13,4
4132,drezet@comcast.net,16,12
2438,miyop@sbcglobal.net,17,11
9130,noahb@gmail.com,9,2
1547,shawnce@aol.com,6,1
9484,sherzodr@hotmail.com,11,13
1611,treit@hotmail.com,15,4
6121,glenz@live.com,19,13
7627,ilyaz@me.com,12,1
6422,ubergeeb@yahoo.com,14,5
5406,ijackson@verizon.net,6,12
2556,mccurley@optonline.net,10,7
1696,benits@live.com,14,6
8847,jfmulder@yahoo.com,5,14
7404,kayvonf@msn.com,2,7
5020,brainless@yahoo.com,20,9
2928,hauma@yahoo.ca,4,15
7834,tlinden@aol.com,10,14
3609,marin@hotmail.com,18,13
7512,intlprog@optonline.net,5,8
1884,sagal@icloud.com,12,1
8500,andale@hotmail.com,2,13
7403,kevinm@mac.com,5,6
4224,tarreau@optonline.net,19,9
8911,ninenine@comcast.net,16,12
8156,sequin@optonline.net,14,7
3371,parksh@aol.com,4,7
8878,stern@att.net,16,11
3618,russotto@outlook.com,4,1
2725,nogin@comcast.net,2,3
4565,morain@mac.com,5,6
5504,chaki@aol.com,10,11
9341,ribet@hotmail.com,14,7
3872,jimxugle@live.com,17,4
8152,yenya@aol.com,5,8
1378,timlinux@gmail.com,16,5
4054,staikos@yahoo.ca,12,8
9676,syrinx@yahoo.ca,1,2
2314,dsowsy@aol.com,14,10
6168,gravyface@aol.com,14,6
2150,nicktrig@comcast.net,17,10
2371,johnh@verizon.net,16,12
4947,kmself@hotmail.com,15,10
5408,enintend@comcast.net,13,5
2934,thowell@icloud.com,12,9
7191,eidac@aol.com,9,11
8967,munge@aol.com,6,9
7876,tmccarth@outlook.com,0,11
5154,dougj@msn.com,12,4
5484,mcrawfor@aol.com,19,6
8834,alfred@att.net,9,11
7195,thurston@att.net,13,2
4404,petersko@gmail.com,11,10
5535,bmorrow@hotmail.com,17,5
5380,naupa@verizon.net,6,12
7671,attwood@comcast.net,11,5
9575,kildjean@me.com,18,9
2100,fhirsch@live.com,4,8
8926,mbrown@gmail.com,9,5
1398,andrei@icloud.com,2,13
8659,mcraigw@aol.com,0,8
9391,brbarret@live.com,14,6
4968,petersko@aol.com,1,3
1901,petersko@gmail.com,4,11
5523,ahuillet@hotmail.com,19,4
9423,malattia@gmail.com,18,12
2137,jfreedma@comcast.net,14,3
1560,lridener@icloud.com,19,4
3547,mfleming@live.com,4,10
2230,leakin@icloud.com,0,3
1337,crobles@gmail.com,9,15
6268,raides@live.com,11,8
7250,storerm@aol.com,18,11
4534,jonadab@icloud.com,16,6
2558,jcholewa@sbcglobal.net,9,10
6791,errxn@att.net,19,15
8986,engelen@icloud.com,17,0
5360,staffelb@yahoo.ca,3,2
5156,hellfire@live.com,9,4
6771,bmorrow@hotmail.com,5,7
3796,hmbrand@hotmail.com,3,12
4894,gknauss@att.net,15,3
7474,teverett@me.com,19,7
5601,grolschie@comcast.net,16,7
4710,fglock@comcast.net,0,9
8167,vmalik@sbcglobal.net,2,4
1308,jpflip@icloud.com,6,6
4152,atmarks@yahoo.com,17,2
9149,tkrotchko@hotmail.com,4,6
1453,suresh@aol.com,12,9
4114,william@att.net,4,9
2442,sagal@aol.com,18,11
7336,amichalo@verizon.net,10,15
2674,mrobshaw@optonline.net,0,6
5161,jrifkin@att.net,10,3
8715,fmerges@gmail.com,9,2
6652,flakeg@icloud.com,10,2
2513,dexter@hotmail.com,16,6
3550,zeitlin@yahoo.ca,9,0
9472,killmenow@outlook.com,2,2
9976,stomv@sbcglobal.net,11,6
9102,tubesteak@comcast.net,2,7
5146,studyabr@live.com,12,13
3876,mfburgo@outlook.com,7,10
7509,jimmichie@icloud.com,17,6
2891,henkp@outlook.com,16,13
9473,bdthomas@aol.com,12,3
6655,gavinls@outlook.com,5,2
6810,improv@me.com,0,14
4160,dhrakar@hotmail.com,1,0
1958,guialbu@sbcglobal.net,14,8
9010,steve@mac.com,12,11
8959,mcast@optonline.net,6,6
6955,itstatus@hotmail.com,14,6
4609,samavati@hotmail.com,9,11
6944,kohlis@verizon.net,16,6
5470,durist@mac.com,2,5
1013,jmorris@live.com,10,14
5097,danzigism@hotmail.com,19,0
6777,ganter@yahoo.com,5,10
7683,durist@yahoo.ca,17,13
7910,yenya@icloud.com,9,15
4369,dialworld@yahoo.ca,12,4
5435,miltchev@msn.com,12,10
4301,falcao@mac.com,19,5
1948,syncnine@yahoo.ca,19,6
9792,dgriffith@sbcglobal.net,10,3
4479,blixem@hotmail.com,7,6
4420,kramulous@outlook.com,18,15
4296,luebke@msn.com,10,2
9395,jimmichie@me.com,12,2
1148,kidehen@sbcglobal.net,15,12
4182,josem@icloud.com,10,13
9884,lamprecht@outlook.com,5,9
5433,tjensen@sbcglobal.net,19,1
3824,fluffy@me.com,11,2
9937,snunez@me.com,0,15
9689,zeller@live.com,8,2
6538,mcnihil@aol.com,17,1
7623,larry@optonline.net,7,6
8984,muzzy@icloud.com,10,1
3711,konit@yahoo.com,5,4
2338,offthelip@hotmail.com,20,15
5963,atmarks@comcast.net,1,13
5260,fraser@gmail.com,13,9
1120,grothoff@aol.com,19,1
7397,hikoza@verizon.net,18,13
2767,wilsonpm@msn.com,4,6
9365,arnold@optonline.net,11,6
5446,hoangle@sbcglobal.net,18,10
1321,aibrahim@aol.com,4,11
8471,dsugal@yahoo.com,20,9
3418,jgmyers@icloud.com,1,0
6474,mwitte@att.net,5,7
6308,amcuri@verizon.net,4,5
2771,osaru@verizon.net,15,13
4817,elflord@yahoo.com,1,13
6008,skythe@hotmail.com,17,9
9266,chunzi@optonline.net,6,9
4612,jhardin@sbcglobal.net,20,2
2011,seemant@icloud.com,3,6
9649,nimaclea@att.net,10,14
7994,pgolle@msn.com,8,15
7984,payned@live.com,10,1
3195,fluffy@gmail.com,19,5
3429,laird@gmail.com,8,3
3072,snunez@yahoo.ca,9,15
4614,rohitm@aol.com,5,15
1480,hwestiii@mac.com,14,0
2327,epeeist@hotmail.com,18,12
3488,vertigo@outlook.com,18,15
1789,fluffy@live.com,14,7
1258,dcoppit@yahoo.ca,5,4
9450,wbarker@sbcglobal.net,13,1
1981,jcholewa@yahoo.ca,18,8
3982,cameron@aol.com,14,5
3585,evilopie@me.com,12,7
8018,greear@live.com,8,11
8731,flakeg@me.com,17,0
5930,uraeus@sbcglobal.net,16,13
4501,solomon@aol.com,13,8
4725,rjones@yahoo.ca,9,15
4649,grossman@outlook.com,6,9
8890,mwandel@yahoo.ca,14,2
6548,formis@comcast.net,12,9
2017,cvrcek@msn.com,15,3
2911,inico@comcast.net,1,10
6232,evilopie@verizon.net,10,14
2797,jramio@optonline.net,6,7
5944,tristan@mac.com,14,12
9978,shawnce@outlook.com,6,10
8425,treit@optonline.net,6,13
9108,mlewan@att.net,20,3
5994,sarahs@gmail.com,1,7
6779,seemant@mac.com,4,15
7917,ahuillet@optonline.net,9,13
4714,hllam@msn.com,4,7
4124,rhavyn@icloud.com,11,12
3695,dialworld@me.com,8,13
3625,techie@live.com,16,15
3207,boser@yahoo.com,12,14
8322,tezbo@outlook.com,17,11
1708,monkeydo@me.com,2,9
8965,qrczak@hotmail.com,11,14
9728,chrisk@att.net,11,7
5608,crandall@optonline.net,12,15
2543,kiddailey@live.com.,4,15
5004,jyoliver@hotmail.com,0,8
6600,chaffar@comcast.net,14,2
5488,sjmuir@verizon.net,16,9
7494,cliffordj@yahoo.com,12,11
6299,kourai@mac.com,8,5
5068,jesse@yahoo.ca,8,7
4855,pkplex@aol.com,9,12
5921,dleconte@hotmail.com,0,13
4263,gemmell@mac.com,20,13
4781,mnemonic@mac.com,7,13
7961,kdawson@sbcglobal.net,1,2
7286,kingma@me.com,16,8
1725,anicolao@yahoo.com,3,8
8780,treeves@me.com,0,7
7948,alias@me.com,5,2
9413,bowmanbs@hotmail.com,13,0
4153,greear@outlook.com,2,2
3735,formis@me.com,12,6
3388,majordick@msn.com,19,14
5659,kjetilk@aol.com,17,1
1966,danzigism@yahoo.com,17,5
4908,tristan@mac.com,6,15
4326,bsikdar@icloud.com,20,8
5378,oechslin@yahoo.ca,15,10
5703,monopole@verizon.net,19,7
9131,shrapnull@aol.com,16,0
2284,gfxguy@hotmail.com,1,14
8068,ahuillet@outlook.com,5,14
2520,smallpaul@outlook.com,5,5
3002,phish@mac.com,14,11
1527,bmcmahon@me.com,10,14
9945,rsmartin@yahoo.com,13,6
3240,geoffr@optonline.net,19,5
6867,jsnover@yahoo.com,18,0
2870,smeier@verizon.net,9,15
4571,ryanshaw@sbcglobal.net,13,13
4225,bester@sbcglobal.net,14,1
4144,dmath@mac.com,2,1
1673,tjensen@verizon.net,1,8
7605,lushe@mac.com,18,15
3996,frikazoyd@aol.com,17,3
2274,mxiao@hotmail.com,7,5
6165,lbecchi@sbcglobal.net,3,5
8410,danzigism@verizon.net,17,3
5827,vmalik@yahoo.com,1,11
9754,dwendlan@aol.com,19,4
6842,whimsy@verizon.net,0,6
2889,ryanshaw@aol.com,2,15
9370,sagal@gmail.com,6,5
4476,jlbaumga@mac.com,6,5
4857,jespley@yahoo.com,3,6
8487,errxn@optonline.net,15,13
9487,bhtower@hotmail.com,17,8
8759,sisyphus@hotmail.com,16,9
4662,cisugrad@verizon.net,2,9
6363,ilikered@att.net,3,13
1361,dwsauder@optonline.net,19,8
6704,josephw@gmail.com,3,6
4787,skoch@live.com,15,9
5806,bjornk@mac.com,18,7
5595,kempsonc@gmail.com,12,10
5552,bdbrown@outlook.com,19,7
8863,konst@optonline.net,3,3
4081,maikelnai@gmail.com,3,3
6491,jtorkbob@hotmail.com,15,2
5772,iamcal@msn.com,0,5
8698,isotopian@sbcglobal.net,12,7
7351,hllam@sbcglobal.net,4,1
5658,drezet@att.net,0,15
4077,doche@att.net,8,2
8619,andale@yahoo.ca,6,8
1699,crimsane@gmail.com,3,9
7012,oster@verizon.net,4,4
7312,panolex@hotmail.com,20,8
9210,gilmoure@att.net,19,7
7760,world@optonline.net,6,5
8574,djpig@mac.com,11,8
1305,chlim@me.com,2,11
6144,wkrebs@gmail.com,10,1
8970,claypool@outlook.com,17,5
3165,wsnyder@verizon.net,3,7
4794,maikelnai@msn.com,7,5
5808,treeves@hotmail.com,14,0
7233,sethbrown@gmail.com,16,5
9540,treeves@msn.com,0,5
9007,daveed@me.com,15,15
3601,ebassi@comcast.net,7,13
4849,jrifkin@mac.com,9,11
8273,mwilson@live.com,14,1
6875,shaffei@aol.com,3,2
6925,firstpr@optonline.net,15,6
4669,frosal@msn.com,3,5
3570,dbanarse@yahoo.com,13,5
8726,jdray@hotmail.com,9,14
6253,parrt@me.com,6,13
8791,matloff@sbcglobal.net,1,5
1598,stefano@me.com,3,7
7945,thomasj@yahoo.com,3,0
1915,harpes@live.com,7,12
9115,xnormal@me.com,7,7
1115,pereinar@me.com,10,13
6377,scottzed@verizon.net,14,14
5336,chrwin@aol.com,2,10
7777,unreal@yahoo.com,7,6
4133,harpes@me.com,14,7
4072,mjewell@icloud.com,10,13
5561,raides@comcast.net,15,6
3875,offthelip@yahoo.com,1,9
4406,sagal@sbcglobal.net,6,8
3191,sonnen@msn.com,8,9
8624,jemarch@icloud.com,15,10
8616,rwelty@att.net,13,11
2050,linuxhack@sbcglobal.net,11,15
5998,kjohnson@sbcglobal.net,16,1
9231,thrymm@me.com,6,13
6095,syncnine@sbcglobal.net,17,14
5538,grdschl@yahoo.com,2,13
1150,intlprog@aol.com,12,9
7053,tellis@yahoo.ca,7,5
3533,galbra@mac.com,4,3
3525,andrei@yahoo.ca,13,10
2510,aschmitz@gmail.com,16,4
1565,kingjoshi@comcast.net,2,5
8856,quinn@att.net,19,1
9042,bcevc@comcast.net,20,11
2128,tjensen@me.com,11,0
6767,phizntrg@mac.com,9,2
9703,brbarret@comcast.net,13,6
6072,noodles@aol.com,5,8
2892,arachne@gmail.com,0,15
6647,rogerspl@gmail.com,18,12
2162,bbirth@icloud.com,8,10
8493,sriha@aol.com,16,2
5830,guialbu@me.com,12,10
2952,dgatwood@att.net,17,15
3566,jugalator@icloud.com,10,11
9623,techie@yahoo.ca,20,0
2241,melnik@hotmail.com,15,7
5144,dialworld@outlook.com,20,2
6537,cliffordj@icloud.com,14,9
9639,luvirini@optonline.net,12,11
3131,kildjean@att.net,7,12
6923,amimojo@aol.com,17,5
1268,jguyer@mac.com,4,12
1811,josem@verizon.net,9,3
7208,boser@att.net,2,11
4303,sagal@comcast.net,4,15
9571,rjones@icloud.com,20,12
3852,moinefou@comcast.net,4,13
6331,martyloo@gmail.com,11,3
4874,quantaman@gmail.com,8,11
8583,adamk@mac.com,14,14
6102,paina@yahoo.ca,10,3
2575,neuffer@outlook.com,14,13
6849,nichoj@yahoo.ca,15,8
2847,bjornk@me.com,17,6
1926,singer@me.com,11,7
2973,wilsonpm@sbcglobal.net,9,0
7427,kourai@hotmail.com,17,7
5718,cfhsoft@live.com,11,11
3950,helger@me.com,14,0
5661,steve@outlook.com,18,2
1240,meder@icloud.com,12,14
5627,gbacon@comcast.net,18,5
1038,eminence@outlook.com,8,4
6245,pgolle@msn.com,0,8
5012,oneiros@msn.com,5,0
8110,cosimo@verizon.net,13,8
8633,hachi@verizon.net,15,9
3033,william@icloud.com,16,9
6673,solomon@me.com,19,10
7339,manuals@outlook.com,9,8
2279,stomv@hotmail.com,8,7
9412,sethbrown@gmail.com,0,15
1878,falcao@live.com,20,4
9022,suresh@live.com,17,9
5879,rfoley@optonline.net,1,6
5036,smartfart@gmail.com,1,15
8438,multiplx@outlook.com,14,5
2112,mrdvt@outlook.com,14,5
3890,jesse@me.com,15,14
9975,shang@hotmail.com,19,3
7163,specprog@icloud.com,18,8
3211,rtanter@aol.com,10,2
8097,stecoop@att.net,19,4
4723,fmtbebuck@sbcglobal.net,20,1
5708,twoflower@optonline.net,3,9
2562,cameron@live.com,10,7
4821,henkp@comcast.net,6,12
3555,formis@aol.com,19,12
2099,mbswan@me.com,19,1
9817,parents@me.com,1,5
1129,mschwartz@mac.com,5,11
1410,mstrout@sbcglobal.net,6,11
5965,fluffy@att.net,15,1
9155,jlbaumga@optonline.net,3,15
3012,bhima@optonline.net,3,8
9882,jimmichie@aol.com,6,11
2905,jrifkin@aol.com,10,7
3633,donev@msn.com,20,1
3606,sjmuir@gmail.com,6,5
7016,barnett@yahoo.ca,11,8
6515,kudra@optonline.net,17,7
5750,eabrown@me.com,17,3
4324,wiseb@hotmail.com,11,12
3969,vlefevre@yahoo.ca,6,7
7324,leviathan@msn.com,19,11
4357,jfinke@verizon.net,15,3
8035,speeves@gmail.com,9,14
8952,symbolic@icloud.com,15,5
7567,jigsaw@sbcglobal.net,18,7
6283,frosal@optonline.net,0,2
2117,boftx@yahoo.com,4,3
8056,rgarcia@hotmail.com,20,15
9654,chance@comcast.net,15,6
3079,cfhsoft@verizon.net,16,12
3640,kawasaki@msn.com,1,14
1693,raides@hotmail.com,19,7
5115,oevans@live.com,3,1
6134,sopwith@aol.com,3,1
7915,mddallara@mac.com,11,0
7262,amichalo@gmail.com,5,7
2479,msherr@yahoo.com,6,8
8256,bebing@aol.com,20,5
5519,bhtower@me.com,12,15
2541,gtaylor@icloud.com,18,8
8945,timtroyr@msn.com,16,13
3599,dleconte@live.com,16,5
8859,carcus@me.com,14,14
1368,bryam@att.net,16,12
9805,sumdumass@comcast.net,12,8
5819,uncle@live.com,18,1
9640,frode@comcast.net,0,12
7861,muadip@comcast.net,20,8
4414,pthomsen@att.net,6,12
1033,ingolfke@att.net,3,8
6619,willg@me.com,3,14
4196,rupak@outlook.com,3,5
1970,dmbkiwi@yahoo.ca,17,2
7783,ismail@icloud.com,19,3
6019,bonmots@att.net,15,1
3245,tellis@outlook.com,6,7
5934,eurohack@sbcglobal.net,16,11
5609,gregh@live.com,9,4
6392,marcs@aol.com,14,10
3595,noodles@gmail.com,17,6
2316,pjacklam@gmail.com,15,12
5674,harpes@yahoo.com,7,6
9581,bdbrown@yahoo.ca,1,0
3063,uncled@live.com,20,0
9987,dsowsy@me.com,8,0
7612,notaprguy@me.com,12,15
6216,zyghom@comcast.net,6,8
3376,psharpe@hotmail.com,6,8
3238,sscorpio@hotmail.com,9,7
8334,jaarnial@outlook.com,19,11
3687,podmaster@icloud.com,1,3
7384,mrsam@outlook.com,11,11
8473,jgwang@optonline.net,2,14
6240,helger@optonline.net,18,2
2238,kevinm@gmail.com,16,10
6582,yenya@yahoo.com,4,11
8451,dartlife@mac.com,7,6
5679,netsfr@comcast.net,14,0
2363,thaljef@aol.com,15,1
9599,monopole@me.com,0,8
4890,larry@att.net,16,3
1751,hling@msn.com,16,8
1743,jemarch@outlook.com,0,8
8696,dhwon@verizon.net,6,1
9836,phyruxus@yahoo.ca,0,1
8486,bjoern@aol.com,10,10
8422,dwsauder@optonline.net,2,3
5846,stefano@yahoo.ca,18,3
2800,bcevcmsn.com,8,10
3546,jbryan@msn.com,10,7
8691,mailarc@att.net,5,5
3713,paulv@optonline.net,4,8
7309,singer@live.com,10,8
7471,webteam@att.net,9,4
4922,giafly@sbcglobal.net,16,3
3948,mccurley@att.net,10,6
1599,zeller@gmail.com,4,13
2493,seano@optonline.net,7,12
8186,dcoppit@yahoo.ca,8,8
5029,xnormal@outlook.com,17,4
4400,gospodin@yahoo.com,12,14
6286,smeier@yahoo.ca,8,10
3366,flavell@yahoo.com,4,3
3881,sscorpio@mac.com,3,14
3674,petersko@hotmail.com,9,15
6803,raines@verizon.net,6,15
9498,onestab@outlook.com,3,2
1105,sagal@live.com,5,6
6108,marnanel@verizon.net,4,11
6024,mwitte@att.net,17,8
5311,jigsaw@outlook.com,12,10
9828,whimsy@hotmail.com,5,12
7606,arebenti@yahoo.ca,0,15
4390,dhwon@me.com,0,12
3603,mallanmba@comcast.net,13,8
4264,noodles@me.com,17,7
6426,daveewart@att.net,14,13
6535,hedwig@att.net,8,6
4711,anicolao@outlook.com,7,5
2985,trieuvan@yahoo.com,14,4
7258,harpes@yahoo.ca,15,1
3129,citadel@mac.com,6,5
2289,aglassis@yahoo.ca,0,6
7663,kayvonf@me.com,7,12
9713,choset@yahoo.ca,13,14
7441,ahmad@yahoo.com,7,12
2160,ianbuck@verizon.net,15,8
7127,simone@yahoo.com,2,11
2532,telbij@outlook.com,20,8
5824,dogdude@live.com,14,5
5810,stefano@live.com,15,4
8892,mchugh@att.net,10,5
8262,fluffy@msn.com,18,5
6429,keutzer@verizon.net,7,10
9416,ivoibs@att.net,10,13
3838,choset@gmail.com,18,3
1707,fmerges@me.com,16,12
9329,speeves@gmail.com,1,5
3313,citadel@icloud.com,15,9
7698,cparis@comcast.net,6,6
9112,drolsky@yahoo.com,11,2
2733,jhardin@live.com,6,2
1020,russotto@hotmail.com,1,15
5849,bdthomas@yahoo.ca,14,7
5780,floxy@live.com,4,0
8747,william@verizon.net,17,7
2924,ryanshaw@comcast.net,9,8
2427,pgolle@me.com,19,3
9706,oster@verizon.net,3,9
2961,lbecchi@verizon.net,13,9
1468,mxiao@outlook.com,6,5
4018,dpitts@live.com,11,10
5901,manuals@gmail.com,19,11
4279,howler@att.net,8,11
2375,skaufman@me.com,13,2
6053,afifi@gmail.com,5,9
5745,gfody@sbcglobal.net,15,6
8007,weidai@me.com,0,2
1760,peterhoeg@optonline.net,4,3
4778,wkrebs@optonline.net,7,3
4993,nelson@mac.com,8,2
8831,ajlitt@verizon.net,4,2
6378,hmbrand@mac.com,6,2
8004,jsbach@aol.com,20,10
8331,psichel@msn.com,6,14
1892,forsberg@msn.com,4,11
9274,floxy@sbcglobal.net,19,2
9990,zwood@hotmail.com,6,8
3216,tarreau@live.com,17,3
4628,dunstan@aol.com,16,1
2604,jsnover@me.com,8,9
7231,wmszeliga@comcast.net,14,10
5221,muzzy@sbcglobal.net,13,15
1010,gmcgath@hotmail.com,19,2
1450,crypt@hotmail.com,15,1
9470,openldap@verizon.net,16,11
8683,dmath@mac.com,16,4
3623,alias@mac.com,13,10
5162,tjensen@icloud.com,20,2
8552,ghost@gmail.com,15,0
2393,raides@hotmail.com,20,5
8130,cgarcia@outlook.com,9,10
5873,avalon@me.com,8,4
7018,jadavis@sbcglobal.net,12,11
3693,syncnine@mac.com,18,7
9746,kempsonc@live.com,6,7
4830,zeller@yahoo.ca,6,12
4120,rfoley@optonline.net,9,7
9404,nichoj@yahoo.ca,19,12
6179,jgmyers@aol.com,1,11
8178,jfmulder@msn.com,7,15
5438,stecoop@me.com,2,9
3015,ehood@aol.com,14,11
7316,cosimo@yahoo.com,19,3
6090,harpes@icloud.com,18,7
5240,lishoy@hotmail.com,8,14
7003,mpiotr@yahoo.com,0,1
1537,frederic@msn.com,17,1
5384,pajas@live.com,7,14
5171,singh@hotmail.com,5,15
2133,joelw@optonline.net,4,10
7633,erynf@msn.com,11,11
4101,mrobshaw@att.net,16,2
1675,multiplx@icloud.com,6,13
3372,geeber@aol.com,9,11
4248,animats@yahoo.com,5,7
7867,retoh@comcast.net,15,9
6855,giafly@sbcglobal.net,17,12
1389,skippy@outlook.com,15,6
9544,majordick@sbcglobal.net,20,10
1018,teverett@gmail.com,10,15
1636,breegster@optonline.net,1,5
7953,mhanoh@icloud.com,15,10
9132,milton@verizon.net,11,9
4450,gbacon@msn.com,12,14
8985,sartak@verizon.net,18,12
5947,kimvette@aol.com,16,12
9006,wildfire@aol.com,0,14
3409,webinc@comcast.net,11,5
7334,dburrows@verizon.net,20,8
3956,oevans@yahoo.ca,2,9
6200,jguyer@live.com,0,11
4446,singh@gmail.com,17,11
6059,murdocj@yahoo.com,10,6
3967,richard@gmail.com,19,12
6575,liedra@verizon.net,19,14
6199,bmcmahon@icloud.com,20,8
3257,dwendlan@mac.com,13,3
5995,drjlaw@yahoo.ca,0,13
6697,dwsauder@verizon.net,0,5
2676,scotfl@att.net,18,5
6442,uraeus@live.com,11,14
9928,gavollink@gmail.com,1,1
5142,boomzilla@yahoo.ca,10,3
9604,gavinls@hotmail.com,4,13
5329,kronvold@comcast.net,5,10
6751,tristan@yahoo.com,4,3
9183,roesch@icloud.com,15,10
7071,tmaek@yahoo.ca,20,2
5120,andrewik@comcast.net,11,0
2366,aracne@att.net,16,0
1965,hachi@yahoo.com,12,2
6066,reeds@hotmail.com,1,12
8023,bruck@yahoo.com,4,5
9549,rcwil@sbcglobal.net,12,3
5193,jonadab@mac.com,6,14
5911,lipeng@verizon.net,2,14
1387,jespley@icloud.com,7,15
1112,debest@verizon.net,2,5
5155,lushe@yahoo.com,5,1
9223,osaru@icloud.com,11,12
9803,dcoppit@hotmail.com,4,15
1319,yangyan@sbcglobal.net,3,4
9338,arachne@yahoo.ca,19,7
2766,danzigism@aol.com,17,7
8764,parasite@icloud.com,10,15
6641,jshearer@live.com,14,9
8853,cliffordj@verizon.net,0,4
8551,grinder@yahoo.com,17,5
9718,jonas@yahoo.ca,15,14
9679,skythe@aol.com,11,10
2386,kewley@verizon.net,16,12
8174,gregh@mac.com,20,5
9459,khris@comcast.net,15,7
5576,jbryan@att.net,3,1
3405,qmacro@live.com,1,12
6709,bigmauler@yahoo.com,7,8
6952,ijackson@gmail.com,18,5
4007,chrwin@att.net,10,6
1371,jespley@msn.com,3,14
5196,roamer@me.com,19,6
6406,fallorn@hotmail.com,19,12
6172,credmond@comcast.net,9,0
1530,cyrus@icloud.com,11,6
3083,pajas@comcast.net,7,8
5056,osrin@yahoo.com,7,9
4767,syncnine@live.com,3,7
4520,research@gmail.com,19,1
6718,cisugrad@me.com,12,6
8907,pakaste@live.com,19,8
9129,kronvold@optonline.net,13,15
7322,mavilar@aol.com,16,12
5075,gtewari@msn.com,16,2
8442,qrczak@yahoo.com,13,12
3423,heckerman@att.net,11,13
7216,eidac@comcast.net,20,14
4689,zwood@gmail.com,18,0
7490,satishr@yahoo.ca,6,13
4728,jwarren@me.com,19,11
3017,emcleod@yahoo.ca,13,7
3683,reeds@icloud.com,16,8
1494,jmmuller@aol.com,13,1
2772,dleconte@gmail.com,9,3
9025,tbusch@att.net,17,7
3299,ducasse@yahoo.ca,11,0
2582,satishr@msn.com,17,5
6530,kaiser@yahoo.ca,18,9
4453,pajas@optonline.net,12,5
6122,dpitts@hotmail.com,0,6
1888,portele@gmail.com,8,0
5178,frederic@msn.com,17,0
4865,cyrus@gmail.com,7,1
8508,kohlis@att.net,1,15
9031,conteb@hotmail.com,16,10
6112,smcnabb@mac.com,10,2
1841,keijser@me.com,2,5
6620,mleary@sbcglobal.net,4,5
9856,nichoj@sbcglobal.net,18,6
6657,pajas@yahoo.com,18,10
9538,cparis@mac.com,10,7
5825,oneiros@icloud.com,8,0
8777,aibrahim@att.net,15,9
2923,ccohen@outlook.com,8,1
4762,sokol@verizon.net,18,14
9868,pfitza@yahoo.ca,15,9
9035,hahsler@outlook.com,1,6
7628,hermes@gmail.com,0,12
8029,dkeeler@yahoo.ca,8,2
8357,scotfl@gmail.com,1,10
1175,ahuillet@me.com,2,15
5183,mwilson@live.com,16,1
2802,leslie@mac.com,0,15
9020,ideguy@yahoo.ca,20,7
1152,timlinux@gmail.com,9,14
6497,doormat@me.com,1,2
1752,pappp@yahoo.ca,4,12
6765,nelson@msn.com,3,7
4999,cliffski@outlook.com,0,3
1798,mhouston@hotmail.com,4,2
9763,preneel@sbcglobal.net,3,12
9863,msroth@comcast.net,15,5
9802,mhouston@att.net,4,10
5701,birddog@comcast.net,5,3
1794,catalog@msn.com,11,6
7022,ilikered@icloud.com,5,13
1867,dvdotnet@outlook.com,0,7
1118,thrymm@msn.com,0,1
5299,boomzilla@outlook.com,6,3
2189,nasor@comcast.net,12,5
7245,nacho@outlook.com,3,14
9720,staffelb@sbcglobal.net,4,11
3096,boser@hotmail.com,19,7
7459,nwiger@msn.com,1,5
7028,jtorkbob@mac.com,18,15
8804,treit@optonline.net,15,3
8009,lstaf@yahoo.ca,16,8
6335,tlinden@yahoo.ca,20,14
7874,kingma@optonline.net,8,10
8252,wiseb@me.com,5,3
6640,xnormal@att.net,1,10
9411,suresh@sbcglobal.net,7,1
5141,msusa@verizon.net,13,2
7422,hellfire@verizon.net,1,15
2350,yumpy@mac.com,11,7
8132,jimxugle@outlook.com,0,14
9651,mbswan@yahoo.ca,6,0
6610,dowdy@mac.com,9,7
4779,wenzlaff@icloud.com,6,12
4755,isaacson@hotmail.com,14,4
3757,pajas@mac.com,20,4
5955,paina@outlook.com,12,8
7732,mcraigw@icloud.com,9,15
2165,johnbob@icloud.com,0,4
2240,muadip@yahoo.ca,0,6
9286,johndo@optonline.net,6,11
5280,bogjobber@mac.com,6,4
5717,maratb@gmail.com,5,0
6042,sumdumass@sbcglobal.net,14,1
1679,imightb@aol.com,4,15
5734,dieman@optonline.net,14,1
5100,fukuchi@gmail.com,20,9
3329,portscan@me.com,19,2
7932,sakusha@hotmail.com,18,6
6021,wildixon@icloud.com,6,10
4145,keutzer@msn.com,18,2
2034,warrior@aol.com,1,2
1057,jtorkbob@outlook.com,6,4
8193,gozer@att.net,20,4
5731,gtewari@aol.com,20,4
1552,caidaperl@msn.com,15,3
5167,stakasa@me.com,9,12
9742,gamma@outlook.com,8,6
9292,granboul@gmail.com,0,1
2533,oster@gmail.com,18,13
5853,improv@icloud.com,16,5
7313,storerm@comcast.net,16,15
9313,gslondon@me.com,15,0
1783,metzzo@comcast.net,12,5
2670,meder@att.net,15,15
9345,lstaf@optonline.net,14,0
7041,iamcal@verizon.net,16,3
7205,erynf@optonline.net,18,1
6857,helger@me.com,3,8
6901,scarolan@verizon.net,1,8
9509,ranasta@outlook.com,17,3
3932,fairbank@yahoo.com,17,15
9621,sblack@hotmail.com,4,4
9184,wagnerch@aol.com,20,3
8264,hikoza@yahoo.ca,11,11
3446,mallanmba@outlook.com,13,5
2682,onestab@yahoo.com,19,5
1103,dimensio@att.net,13,9
8898,sekiya@verizon.net,5,1
3370,bjoern@gmail.com,3,8
7608,sjmuir@optonline.net,0,15
5145,jemarch@icloud.com,19,6
8991,hoyer@att.net,0,15
5913,malattia@optonline.net,10,5
1434,aschmitz@yahoo.com,6,6
9715,speeves@comcast.net,3,7
3147,oevans@mac.com,14,4
2742,ateniese@yahoo.com,6,2
1226,codex@att.net,19,9
4563,froodian@outlook.com,4,9
5511,aardo@gmail.com,13,3
9600,rddesign@gmail.com,15,5
4108,josem@verizon.net,1,3
7469,marcs@hotmail.com,11,6
5747,dbanarse@hotmail.com,12,6
9770,mkearl@att.net,15,11
5063,wojciech@comcast.net,11,8
8328,skoch@msn.com,18,5
8196,hahsler@comcast.net,3,14
5315,stakasa@msn.com,17,6
4921,klaudon@yahoo.com,8,7
2958,jelmer@att.net,13,11
2937,citadel@msn.com,18,6
4927,hahiss@sbcglobal.net,0,5
1793,tubajon@mac.com,2,3
2193,thassine@optonline.net,1,8
4751,arathi@outlook.com,9,7
2734,parkes@yahoo.com,14,11
8588,eabrown@optonline.net,15,6
4398,lauronen@hotmail.com,1,8
1786,johnbob@hotmail.com,18,3
5374,ribet@yahoo.ca,3,10
5355,dhrakar@verizon.net,13,11
7939,scottlee@icloud.com,9,5
5371,leviathan@verizon.net,4,15
7219,leakin@gmail.com,16,11
8992,uqmcolyv@yahoo.com,13,7
7040,noneme@gmail.com,3,0
9539,isorashi@gmail.com,5,7
1430,jfriedl@yahoo.com,10,15
8342,debest@aol.com,13,2
7359,dpitts@sbcglobal.net,12,4
5522,sisyphus@gmail.com,1,15
1715,amaranth@mac.com,3,0
1523,trygstad@mac.com,14,14
4909,mfburgo@outlook.com,20,12
2206,techie@verizon.net,5,5
6714,pizza@sbcglobal.net,5,13
2328,wainwrig@optonline.net,5,1
6289,cantu@hotmail.com,4,10
6745,roesch@mac.com,18,12
7532,rmcfarla@me.com,3,0
8566,mailarc@outlook.com,3,8
6861,storerm@msn.com,20,6
6603,yangyan@icloud.com,0,9
6453,jandrese@live.com,13,8
2944,msherr@hotmail.com,16,10
3375,portele@optonline.net,16,1
1692,hyper@yahoo.com,14,15
7549,dougj@aol.com,20,2
4590,ccohen@me.com,2,12
1449,satishr@me.com,12,14
6483,sscorpio@hotmail.com,3,12
7255,bruck@live.com,14,4
1179,papathan@me.com,6,10
7642,mwilson@outlook.com,1,8
8175,ovprit@yahoo.ca,1,15
1930,jgmyers@icloud.com,11,7
4385,naoya@yahoo.com,13,1
9889,giafly@optonline.net,4,8
8115,amcuri@yahoo.com,20,8
9205,pedwards@msn.com,10,2
8798,fhirsch@live.com,15,3
8058,crusader@yahoo.com,18,2
3941,chrisj@aol.com,20,1
8938,jonadab@yahoo.ca,9,14
3115,jimmichie@sbcglobal.net,17,4
1479,philen@aol.com,15,3
6266,avalon@outlook.com,5,0
1784,rande@yahoo.ca,2,13
2399,karasik@outlook.com,19,12
2003,sopwith@verizon.net,4,8
2179,jonathan@yahoo.ca,0,1
1777,hedwig@sbcglobal.net,10,6
2377,fwitness@aol.com,5,7
2161,hwestiii@icloud.com,18,2
2410,attwood@gmail.com,15,13
5744,pkplex@verizon.net,9,10
1202,grdschl@comcast.net,11,15
6309,tmccarth@yahoo.ca,2,2
5906,eurohack@icloud.com,4,3
8602,sravani@me.com,14,12
8142,njpayne@mac.com,7,1
5126,juerd@hotmail.com,19,1
5605,enintend@att.net,9,9
7346,ghost@outlook.com,5,4
8627,jaarnial@yahoo.com,15,12
8292,harryh@mac.com,3,13
4350,weidai@msn.com,0,14
7700,matthijs@mac.com,12,15
7314,martyloo@verizon.net,17,9
7011,fwitness@outlook.com,6,1
7962,tellis@me.com,9,11
4833,burns@me.com,1,8
2557,makarow@gmail.com,6,9
1288,mavilar@mac.com,16,13
6040,cparis@yahoo.com,9,1
4749,squirrel@hotmail.com,20,3
1529,elmer@gmail.com,3,7
7167,madler@outlook.com,20,5
1404,johndo@optonline.net,5,11
9518,yumpy@optonline.net,3,14
4163,juerd@sbcglobal.net,16,4
1403,sonnen@comcast.net,18,11
8100,msroth@sbcglobal.net,13,14
1822,johnbob@gmail.com,12,2
4653,skaufman@gmail.com,5,8
3709,rgarcia@gmail.com,2,13
7949,kiddailey@icloud.com,20,10
1506,oster@sbcglobal.net,11,6
5101,tbmaddux@comcast.net,1,6
9694,bhtower@outlook.com,14,0
8380,gerlo@optonline.net,1,7
3679,fukuchi@me.com,4,5
1944,schumer@msn.com,10,1
2805,hmbrand@msn.com,12,2
2638,gomor@yahoo.com,9,8
2302,louise@gmail.com,2,14
6948,ccohen@mac.com,17,11
7294,jfmulder@sbcglobal.net,6,7
5051,satch@yahoo.com,20,3
9949,bwcarty@optonline.net,2,8
6550,munson@verizon.net,0,3
8390,danzigism@icloud.com,19,2
8644,larry@att.net,18,0
3910,ntegrity@yahoo.com,0,12
9178,afeldspar@yahoo.ca,12,6
3266,staikos@me.com,16,13
7142,keutzer@comcast.net,5,4
6707,skippy@gmail.com,5,15
4763,mhassel@msn.com,9,9
9810,bescoto@gmail.com,19,12
8234,mfburgo@gmail.com,6,2
4059,hoangle@yahoo.ca,5,1
7470,bartlett@optonline.net,10,0
3527,pgottsch@aol.com,6,12
2833,lishoy@yahoo.com,5,15
5565,chaki@gmail.com,11,7
4270,rfoley@hotmail.com,18,10
8526,tromey@optonline.net,5,4
1712,eabrown@outlook.com,3,4
3733,graham@yahoo.ca,7,5
2049,yruan@hotmail.com,14,0
4164,gilmoure@mac.com,3,9
3657,maradine@mac.com,8,14
5282,reeds@yahoo.ca,2,3
7925,mddallara@live.com,10,4
9617,ghost@gmail.com,15,7
7281,harpes@me.com,12,5
5640,johnh@sbcglobal.net,3,11
1642,naupa@yahoo.ca,20,6
1778,mjewell@gmail.com,19,14
6781,kingjoshi@verizon.net,1,7
5973,jsmith@yahoo.com,5,9
9193,wsnyder@yahoo.ca,14,0
1236,bdthomas@verizon.net,9,12
8567,ryanshaw@yahoo.com,14,9
6711,rsmartin@me.com,2,13
2292,emcleod@att.net,8,8
2217,tlinden@aol.com,20,13
2468,tokuhirom@gmail.com,19,14
8267,tokuhirom@hotmail.com,13,5
9569,heine@me.com,18,8
2237,brainless@yahoo.ca,6,15
1323,curly@msn.com,11,10
6031,xnormal@live.com,20,0
4190,dwendlan@optonline.net,19,4
4803,yenya@outlook.com,9,5
9346,drezet@mac.com,6,4
6173,salesgeek@aol.com,15,4
5915,wenzlaff@yahoo.ca,15,6
9159,pkilab@comcast.net,12,14
1995,schumer@optonline.net,15,4
8090,mobileip@att.net,15,4
6330,ullman@comcast.net,18,15
5143,noahb@yahoo.com,6,10
2190,alhajj@verizon.net,7,9
8949,jbearp@live.com,3,2
6524,mccurley@optonline.net,3,9
7089,gemmell@att.net,6,2
1165,jbarta@att.net,1,9
4986,szymansk@hotmail.com,14,9
2465,eabrown@yahoo.ca,11,3
9749,nasarius@yahoo.ca,7,9
6686,maradine@yahoo.ca,9,14
1730,mallanmba@verizon.net,11,11
9584,wainwrig@att.net,14,5
1469,ghaviv@yahoo.ca,2,12
8679,jshirley@att.net,4,0
9761,cumarana@yahoo.ca,3,2
3273,stakasa@hotmail.com,14,7
3848,ivoibs@me.com,4,10
3024,feamster@msn.com,3,6
9199,speeves@mac.com,9,2
9559,grady@aol.com,19,8
1362,mhoffman@att.net,7,13
2333,qrczak@aol.com,14,6
5563,jrkorson@gmail.com,15,13
4411,rsmartin@icloud.com,2,5
7121,mkearl@verizon.net,6,8
8350,wayward@gmail.com,16,7
8562,gemmell@aol.com,18,6
9938,lamky@outlook.com,8,5
7958,wmszeliga@mac.com,1,2
9303,bonmots@gmail.com,18,8
5753,ilikered@comcast.net,1,9
1819,mahbub@verizon.net,8,15
3290,bmcmahon@hotmail.com,16,3
1405,jimxugle@msn.com,15,9
1477,rtanter@msn.com,17,14
6902,yamla@icloud.com,12,2
5785,gommix@verizon.net,10,0
3517,barnett@mac.com,4,9
5521,dprice@live.com,15,3
7524,subir@live.com,9,14
5347,staffelb@aol.com,9,8
9961,vlefevre@me.com,8,14
8106,jugalator@aol.com,20,11
6023,kempsonc@optonline.net,15,12
3981,xtang@live.com,17,11
4410,gastown@yahoo.com,5,9
2437,mbswan@optonline.net,14,7
1689,jpflip@sbcglobal.net,6,1
8084,sblack@msn.com,12,11
1963,qrczak@aol.com,6,0
9256,hedwig@live.com,18,6
7804,gtewari@att.net,12,5
4134,ullman@me.com,2,9
1356,sthomas@att.net,18,7
9885,grossman@yahoo.ca,8,11
5111,koudas@me.com,17,3
9522,bigmauler@comcast.net,16,15
7725,kobayasi@gmail.com,2,6
6243,nanop@hotmail.com,4,10
2623,nighthawk@yahoo.ca,11,4
8609,kohlis@optonline.net,16,13
2701,lukka@verizon.net,8,2
2073,jelmer@live.com,4,4
2086,satch@yahoo.ca,20,11
1831,jbuchana@live.com,1,7
6231,thaljef@me.com,3,3
7999,gbacon@msn.com,19,13
7848,skythe@aol.com,4,7
4140,dgriffith@yahoo.ca,17,4
9455,netsfr@aol.com,11,14
4372,pizza@yahoo.com,2,0
2382,wenzlaff@att.net,8,13
7653,tattooman@aol.com,20,12
8656,mwitte@sbcglobal.net,8,4
2425,ghaviv@att.net,0,12
7784,paulv@verizon.net,3,2
8223,jguyer@yahoo.com,10,10
8222,kidehen@outlook.com,17,12
7554,jkegl@att.net,1,13
6204,noticias@yahoo.ca,1,3
7837,torgox@msn.com,14,13
4295,smartfart@live.com,5,9
4775,stomv@sbcglobal.net,3,1
5687,yruan@att.net,7,14
8412,chrisj@live.com,0,13
6528,privcan@verizon.net,1,0
5297,raides@aol.com,15,0
4055,seurat@icloud.com,14,13
2757,gospodin@msn.com,20,13
4997,peterhoeg@hotmail.com,17,14
3027,carroll@outlook.com,7,5
1162,afeldspar@msn.com,7,1
1999,fluffy@live.com,4,2
3597,chrisk@live.com,15,15
3858,evilopie@yahoo.com,5,5
9957,dowdy@aol.com,18,14
1920,mastinfo@mac.com,19,5
2970,reeds@live.com,4,8
1238,scottzed@yahoo.ca,2,11
7453,cumarana@att.net,19,1
9151,xnormal@aol.com,11,10
9750,vmalik@comcast.net,16,2
6237,kewley@gmail.com,2,10
5761,neonatus@hotmail.com,16,13
8124,eimear@hotmail.com,16,13
6163,ideguy@yahoo.ca,4,8
9783,bartak@outlook.com,1,7
9197,graham@me.com,2,15
5030,devphil@comcast.net,20,4
8858,tubesteak@yahoo.com,18,10
4397,frederic@live.com,17,7
4956,stomv@yahoo.com,18,5
4141,symbolic@mac.com,5,12
6162,noneme@att.net,7,12
8467,wmszeliga@aol.com,17,15
1551,cumarana@outlook.com,3,7
4290,research@comcast.net,10,13
8740,solomon@att.net,12,12
2423,gknauss@yahoo.com,10,2
7926,kildjean@aol.com,20,1
3701,evilopie@att.net,18,4
5199,peterhoeg@gmail.com,11,5
2154,dartlife@outlook.com,19,10
5465,matty@yahoo.ca,11,3
3076,plover@yahoo.com,10,12
3898,grinder@optonline.net,6,7
1931,kosact@yahoo.com,15,14
2694,stecoop@verizon.net,14,9
4448,esasaki@aol.com,0,6
5078,hachi@mac.com,0,1
3021,erynf@icloud.com,5,7
7897,british@icloud.com,7,4
7495,szymansk@icloud.com,2,2
6214,laird@yahoo.com,0,13
2010,scottlee@yahoo.ca,7,2
1042,jandrese@yahoo.com,17,8
7455,kludge@aol.com,6,11
7596,jdray@hotmail.com,7,3
5993,cisugrad@att.net,10,7
3470,jnolan@yahoo.ca,3,12
3978,portele@hotmail.com,17,11
8868,majordick@me.com,20,1
6744,vsprintf@me.com,13,0
9530,breegster@yahoo.com,9,4
4557,weazelman@verizon.net,18,5
8611,bruck@yahoo.com,7,11
4521,johnh@yahoo.com,12,12
1603,graham@verizon.net,18,9
5706,cgcra@hotmail.com,5,12
5617,zeitlin@yahoo.ca,0,13
6612,bachmann@me.com,3,10
1395,dkrishna@sbcglobal.net,15,2
2869,zyghom@me.com,10,4
2768,mcrawfor@sbcglobal.net,7,12
1432,parrt@att.net,10,13
1802,dwsauder@live.com,12,8
3883,choset@icloud.com,6,5
4027,warrior@hotmail.com,1,12
1041,rnelson@gmail.com,11,0
6215,jrifkin@comcast.net,0,14
3561,sarahs@optonline.net,11,12
4994,makarow@yahoo.ca,3,3
9095,grady@yahoo.com,8,12
7481,sthomas@att.net,19,9
8271,chaki@verizon.net,10,3
8033,hauma@sbcglobal.net,2,13
7602,marin@aol.com,11,0
3748,nighthawk@gmail.com,4,4
5227,dprice@yahoo.com,2,0
1967,dgriffith@gmail.com,14,2
6981,kodeman@mac.com,11,7
7701,kuparine@live.com,11,3
6804,floxy@att.net,15,1
3636,oneiros@icloud.com,18,3
9015,jonas@verizon.net,11,8
7822,konst@msn.com,9,2
4249,mcast@sbcglobal.net,7,14
4528,nullchar@mac.com,2,8
9410,khris@me.com,7,8
6434,bolow@hotmail.com,13,6
4001,hahsler@yahoo.com,0,7
7831,sopwith@hotmail.com,18,14
3648,druschel@icloud.com,13,6
3185,malattia@msn.com,12,7
4143,morain@outlook.com,20,15
3509,sethbrown@me.com,19,14
9444,madler@comcast.net,17,7
3057,carreras@msn.com,6,10
4677,luvirini@outlook.com,19,13
1164,hermes@optonline.net,18,2
1723,sarahs@live.com,6,12
6720,marioph@live.com,17,1
8649,agapow@live.com,3,13
8315,hampton@live.com,0,1
4438,mugwump@msn.com,13,11
3287,slanglois@hotmail.com,16,10
8622,jimmichie@yahoo.com,15,7
8208,parksh@mac.com,13,15
1540,harryh@sbcglobal.net,9,3
1549,plover@outlook.com,10,9
3314,skaufman@hotmail.com,19,14
6574,sokol@icloud.com,17,5
2452,eidac@msn.com,6,10
5692,phish@mac.com,18,7
3993,hwestiii@sbcglobal.net,16,6
7390,dalamb@msn.com,7,13
7105,kohlis@me.com,17,13
1478,rattenbt@mac.com,1,3
9368,augusto@yahoo.ca,17,5
9032,naupa@hotmail.com,10,15
8846,fatelk@icloud.com,10,11
7327,shang@gmail.com,6,4
6113,niknejad@outlook.com,17,7
4026,fhirsch@att.net,12,15
2642,speeves@me.com,6,7
8327,guialbu@sbcglobal.net,8,4
9196,stewwy@verizon.net,6,9
7373,galbra@mac.com,7,8
4174,emmanuel@yahoo.com,4,15
5304,fatelk@yahoo.com,20,6
4117,gfxguy@verizon.net,6,6
8070,tellis@msn.com,12,3
4644,dgatwood@verizon.net,20,14
3387,citizenl@verizon.net,14,3
5933,loscar@yahoo.com,14,4
9123,peoplesr@msn.com,20,5
9512,blixem@mac.com,20,8
9402,madler@outlook.com,3,0
6421,nogin@live.com,18,1
2135,aprakash@me.com,18,11
8063,seasweb@msn.com,15,1
8227,corrada@outlook.com,15,15
9554,rmcfarla@icloud.com,12,10
6666,amichalo@sbcglobal.net,2,15
9895,madler@hotmail.com,2,10
7466,forsberg@live.com,8,7
6386,garyjb@msn.com,5,14
3060,kewley@live.com,1,8
8876,drjlaw@verizon.net,5,8
2204,dhrakar@hotmail.com,10,4
5510,cisugrad@live.com,1,6
7907,kuparine@verizon.net,20,8
6500,mstrout@icloud.com,4,10
6978,houle@yahoo.com,14,1
4257,thurston@live.com,0,11
2647,bebing@sbcglobal.net,0,5
7031,engelen@hotmail.com,17,0
8434,rjones@att.net,8,2
3989,parsimony@me.com,12,14
2863,tattooman@comcast.net,11,2
4237,frosal@icloud.com,15,13
1627,horrocks@yahoo.ca,6,12
7891,danny@mac.com,15,6
7908,raides@optonline.net,2,6
3274,bcevc@icloud.com,0,10
2909,empathy@gmail.com,4,6
9211,kobayasi@outlook.com,10,14
9513,jshirley@verizon.net,0,4
2430,msherr@me.com,12,4
7814,heroine@outlook.com,14,12
2559,krueger@sbcglobal.net,8,15
4503,sequin@optonline.net,11,1
7748,dodong@icloud.com,19,10
2650,josem@hotmail.com,17,4
2608,dleconte@me.com,20,7
9962,heine@hotmail.com,12,13
8098,malin@sbcglobal.net,6,9
3523,carmena@live.com,4,13
5724,sblack@att.net,11,0
5048,tristan@icloud.com,16,14
9556,boein@aol.com,9,3
7393,larry@optonline.net,2,11
4600,webdragon@mac.com,15,4
5948,aprakash@att.net,11,10
6211,cumarana@yahoo.com,16,2
2484,wiseb@icloud.com,6,9
3663,firstpr@icloud.com,15,14
6958,phyruxus@live.com,16,7
4893,ivoibs@outlook.com,0,5
9906,pemungkah@aol.com,18,5
5587,ribet@hotmail.com,18,1
9268,nimaclea@comcast.net,19,5
6009,thomasj@hotmail.com,14,12
4046,treit@sbcglobal.net,2,2
2589,akoblin@msn.com,12,9
9381,tskirvin@aol.com,16,7
4363,qrczak@sbcglobal.net,8,0
4704,ullman@icloud.com,2,10
1476,frederic@aol.com,16,0
7652,marioph@live.com,2,10
1857,kalpol@live.com,18,3
2530,duncand@msn.com,11,12
2819,barjam@verizon.net,5,14
5726,dkeeler@hotmail.com,8,5
1910,bolow@outlook.com,2,10
2148,malvar@yahoo.ca,4,4
6557,parasite@yahoo.com,5,3
5361,lushe@gmail.com,4,15
1585,dmouse@aol.com,8,11
3644,iamcal@comcast.net,2,4
1657,ilyaz@msn.com,15,1
4562,improv@msn.com,4,15
1653,sinclair@att.net,3,13
6775,jramio@live.com,0,12
7414,heroine@att.net,4,7
4891,staikos@sbcglobal.net,17,15
9707,dmbkiwi@comcast.net,20,0
4935,jnolan@outlook.com,8,2
1304,podmaster@verizon.net,12,6
8711,linuxhack@outlook.com,4,1
2282,tmccarth@verizon.net,11,1
8895,druschel@live.com,3,14
5851,devphil@yahoo.com,9,13
1075,ebassi@att.net,1,3
3686,josem@icloud.com,15,6
5218,mhouston@msn.com,15,14
4407,carcus@hotmail.com,7,6
1407,jgwang@hotmail.com,4,0
2888,tbeck@att.net,19,15
4998,sravani@comcast.net,1,14
8248,firstpr@att.net,13,5
8623,pemungkah@me.com,18,10
8713,jkegl@verizon.net,18,0
7583,yruan@hotmail.com,1,5
3474,salesgeek@gmail.com,14,1
9970,atmarks@yahoo.com,5,3
8254,sarahs@yahoo.com,13,13
2739,dialworld@yahoo.com,1,3
1844,jfmulder@msn.com,10,5
1025,pontipak@comcast.net,16,9
1806,cmdrgravy@me.com,7,2
8589,jhardin@sbcglobal.net,7,12
2310,ianbuck@optonline.net,17,7
2487,falcao@me.com,13,10
8650,webinc@comcast.net,16,3
2459,dalamb@msn.com,10,4
5451,karasik@msn.com,2,11
6114,smallpaul@live.com,17,5
9849,balchen@outlook.com,7,10
9322,larry@live.com,0,6
9282,chaffar@optonline.net,16,0
3754,tristan@att.net,8,10
4122,iamcal@yahoo.com,19,15
5041,dcoppit@gmail.com,2,2
2075,munjal@hotmail.com,5,3
2494,keiji@msn.com,8,11
8048,ramollin@sbcglobal.net,16,8
2605,bolow@yahoo.ca,14,12
4828,panolex@optonline.net,13,8
7997,mallanmba@msn.com,6,7
3999,rande@live.com,18,1
5018,metzzo@aol.com,5,5
8728,paley@me.com,15,14
3142,andersbr@hotmail.com,2,2
5044,nasarius@sbcglobal.net,5,4
4275,mcsporran@comcast.net,19,4
7740,chrisj@gmail.com,1,6
3834,cgarcia@sbcglobal.net,13,0
6463,kohlis@mac.com,20,4
6708,timtroyr@me.com,2,5
6238,ribet@sbcglobal.net,20,12
9907,matsn@icloud.com,16,0
6014,mddallara@gmail.com,13,10
2334,nighthawk@hotmail.com,1,0
8439,matloff@optonline.net,13,2
8312,ardagna@sbcglobal.net,15,6
6696,jsbach@comcast.net,16,2
3023,balchen@icloud.com,20,13
2170,munge@live.com,5,10
6889,agapow@yahoo.ca,13,13
6644,formis@icloud.com,7,12
3940,stecoop@msn.com,2,2
3610,jginspace@msn.com,14,14
5795,mhassel@aol.com,17,11
1498,dburrows@verizon.net,20,10
8902,jfinke@comcast.net,3,2
5651,sartak@yahoo.ca,2,4
1043,szymansk@live.com,12,15
5024,ninenine@aol.com,6,8
7736,snunez@optonline.net,17,14
8173,garland@msn.com,0,6
9407,kobayasi@outlook.com,3,7
5215,quantaman@sbcglobal.net,15,10
7662,dbrobins@mac.com,13,8
6010,klaudon@outlook.com,10,14
8771,subir@yahoo.ca,3,12
4386,leslie@live.com,4,12
7911,rupak@sbcglobal.net,14,2
6256,spadkins@optonline.net,7,1
2007,smpeters@mac.com,5,9
1764,keutzer@verizon.net,5,4
5165,hager@mac.com,19,5
5632,hauma@yahoo.ca,18,0
7333,ducasse@mac.com,13,2
7372,yangyan@live.com,7,13
3512,thomasj@yahoo.com,20,7
2481,bastian@verizon.net,5,14
1980,kaiser@optonline.net,18,2
1257,dprice@msn.com,11,9
5756,granboul@outlook.com,4,0
5352,british@verizon.net,8,6
9622,imightb@hotmail.com,14,1
3528,heine@mac.com,2,7
5749,gboss@yahoo.ca,3,14
5449,airship@gmail.com,16,5
5454,aibrahim@me.com,15,5
7276,jschauma@verizon.net,19,0
8494,report@yahoo.com,19,9
5092,mddallara@optonline.net,8,0
6181,sopwith@sbcglobal.net,20,5
1194,mcraigw@sbcglobal.net,10,2
9092,psharpe@optonline.net,4,12
4311,calin@hotmail.com,13,3
9126,shaffei@me.com,18,5
6004,dwendlan@live.com,11,10
6210,thassine@att.net,6,5
2440,pthomsen@yahoo.ca,10,15
5645,rfisher@verizon.net,16,15
5710,josephw@att.net,4,2
3536,rohitm@sbcglobal.net,13,6
1889,qrczak@att.net,16,14
3557,cgarcia@sbcglobal.net,18,9
9618,barlow@mac.com,4,7
6674,bflong@att.net,0,2
9726,afeldspar@live.com,3,12
1977,wbarker@aol.com,12,11
1263,msherr@comcast.net,7,10
9826,fatelk@msn.com,16,3
7570,aprakash@aol.com,13,3
6441,pemungkah@gmail.com,7,6
4089,rhialto@aol.com,11,11
2291,hoangle@comcast.net,0,15
3465,dwheeler@optonline.net,18,15
4720,mastinfo@att.net,7,4
8366,mrdvt@icloud.com,0,6
6050,shazow@outlook.com,14,14
9264,devphil@msn.com,13,9
2373,seasweb@mac.com,8,1
1851,flakeg@msn.com,0,1
8533,bahwi@icloud.com,6,4
5898,gastown@msn.com,7,12
7820,sthomas@sbcglobal.net,3,7
6545,djpig@msn.com,6,1
4599,paulv@verizon.net,17,12
7298,jbarta@mac.com,11,0
9281,sequin@icloud.com,7,11
8281,froodian@verizon.net,15,1
9471,mosses@comcast.net,3,8
9320,north@outlook.com,16,3
2451,pdbaby@msn.com,20,2
1192,sjmuir@me.com,6,5
1989,scarolan@mac.com,13,5
5027,jfreedma@gmail.com,14,2
9582,singh@outlook.com,18,7
3809,bastian@yahoo.ca,0,9
2989,ghaviv@comcast.net,3,0
1682,howler@att.net,19,8
7277,khris@outlook.com,11,4
4535,kosact@att.net,11,7
5032,zyghom@msn.com,11,13
7809,mhassel@optonline.net,12,14
5636,smpeters@sbcglobal.net,0,7
5151,whimsy@hotmail.com,11,8
8614,solomon@msn.com,3,15
1256,vlefevre@hotmail.com,7,8
7743,esokullu@yahoo.com,15,0
4167,kenja@comcast.net,9,4
1124,johnh@hotmail.com,12,14
3380,ilyaz@att.net,12,11
8245,dkrishna@aol.com,15,9
9911,balchen@comcast.net,13,7
4230,jaesenj@yahoo.ca,18,9
2925,dhwon@optonline.net,10,2
5202,benits@yahoo.com,16,11
4526,marcs@icloud.com,18,9
5685,budinger@icloud.com,9,11
6935,gslondon@yahoo.com,20,15
8794,dodong@comcast.net,7,15
8362,breegster@outlook.com,19,0
6956,lstein@optonline.net,4,14
8883,mobileip@live.com,12,7
6848,froodian@att.net,17,7
8179,debest@msn.com,17,0
4347,amimojo@optonline.net,14,9
4221,caidaperl@yahoo.com,6,0
5298,cvrcek@aol.com,6,13
2426,rkobes@hotmail.com,15,12
9077,sinclair@verizon.net,10,8
6234,alhajj@sbcglobal.net,4,14
1927,preneel@mac.com,18,0
3009,paulv@optonline.net,6,3
7160,cisugrad@gmail.com,6,14
9666,amichalo@me.com,9,7
9202,squirrel@comcast.net,2,7
2902,samavati@live.com,11,2
9629,crypt@icloud.com,11,3
1816,mhouston@optonline.net,16,1
9939,jbailie@me.com,8,1
1502,rgarcia@verizon.net,15,10
4748,krueger@yahoo.com,15,10
7039,ilial@msn.com,17,1
6467,majordick@optonline.net,5,1
7987,quinn@yahoo.ca,6,15
7131,oechslin@optonline.net,14,15
7323,burniske@yahoo.ca,1,7
6799,ingolfke@verizon.net,13,6
7674,yzheng@icloud.com,11,10
7153,smcnabb@msn.com,9,1
4702,jmcnamara@yahoo.ca,6,7
1850,dobey@gmail.com,8,2
1987,jemarch@optonline.net,20,2
4966,noneme@att.net,13,0
5729,pgottsch@yahoo.com,14,15
3508,falcao@live.com,11,1
4463,feamster@me.com,15,3
7947,campbell@msn.com,9,10
8538,denton@gmail.com,10,5
6082,ilial@me.com,7,8
1342,rkobes@hotmail.com,2,14
9409,lstein@mac.com,18,12
2347,sonnen@outlook.com,1,13
8857,bebing@me.com,1,5
5188,podmaster@comcast.net,19,13
4813,farber@mac.com,5,0
7654,hager@att.net,19,10
1271,jbuchana@optonline.net,7,12
9864,martyloo@sbcglobal.net,18,9
3135,kewley@sbcglobal.net,7,10
3203,flakeg@yahoo.com,5,4
1291,hmbrand@sbcglobal.net,6,7
6926,seanq@outlook.com,1,1
1212,mfburgo@msn.com,14,4
3520,starstuff@att.net,19,3
5529,nanop@msn.com,17,3
2845,biglou@optonline.net,14,3
3414,lstaf@yahoo.com,8,8
7843,maratb@verizon.net,20,14
9858,tromey@icloud.com,6,9
9323,kevinm@verizon.net,8,1
1225,jfmulder@icloud.com,4,4
5479,jorgb@live.com,1,9
3254,codex@comcast.net,2,1
3624,arathi@outlook.com,18,4
1028,madanm@yahoo.com,12,1
5857,garland@optonline.net,6,1
9216,darin@outlook.com,3,1
5168,mrobshaw@aol.com,20,1
5527,jmcnamara@sbcglobal.net,18,14
6997,heidrich@comcast.net,2,10
4567,andrei@icloud.com,12,7
6301,itstatus@yahoo.com,6,7
5886,fmerges@att.net,18,12
8850,gfody@aol.com,18,5
4273,quinn@sbcglobal.net,3,10
6611,gospodin@msn.com,6,0
1089,henkp@icloud.com,20,8
4023,yfreund@yahoo.com,17,13
2186,errxn@icloud.com,12,13
4493,fudrucker@outlook.com,5,3
6909,bsikdar@icloud.com,1,13
9998,teverett@outlook.com,0,6
7703,eminence@icloud.com,1,2
5005,dbanarse@optonline.net,10,3
4205,timtroyr@me.com,0,8
9359,earmstro@verizon.net,6,0
5763,aardo@att.net,10,13
3678,scato@msn.com,8,6
7435,ganter@yahoo.com,19,4
9842,pgottsch@comcast.net,18,10
1991,szymansk@comcast.net,20,3
6768,dgatwood@att.net,6,2
9333,cliffski@aol.com,12,12
3452,multiplx@yahoo.com,7,5
9647,afeldspar@outlook.com,15,8
3249,evilopie@icloud.com,16,3
4254,dbanarse@yahoo.ca,1,1
9406,bogjobber@att.net,0,10
3541,dgatwood@me.com,11,13
1968,janneh@gmail.com,12,14
8873,ralamosm@comcast.net,10,2
2308,dbrobins@gmail.com,19,6
4566,murdocj@aol.com,4,0
1267,sharon@verizon.net,3,5
4766,purvis@aol.com,6,6
2089,kwilliams@aol.com,5,10
4782,rhavyn@yahoo.ca,7,8
8345,debest@gmail.com,20,5
5224,gbacon@verizon.net,4,3
1521,augusto@me.com,12,8
1187,gravyface@comcast.net,14,2
2357,campbell@mac.com,17,9
6212,rasca@icloud.com,2,2
3816,fatelk@yahoo.ca,2,7
8720,sinkou@verizon.net,14,3
9476,mkearl@aol.com,2,4
4393,epeeist@sbcglobal.net,6,2
2693,jnolan@gmail.com,7,15
3075,jamuir@att.net,18,15
6755,saridder@icloud.com,14,5
5350,atmarks@me.com,12,9
7187,jpflip@verizon.net,9,15
8842,rasca@verizon.net,10,7
5868,chrisj@yahoo.com,11,6
3903,paley@yahoo.com,10,10
4242,jemarch@mac.com,7,8
2588,drezet@sbcglobal.net,10,13
3485,durist@msn.com,12,4
2948,dartlife@optonline.net,2,5
2844,marcs@me.com,0,5
5776,gastown@att.net,3,8
5098,kmiller@att.net,5,8
5411,noahb@me.com,8,14
4418,heroine@icloud.com,13,13
6468,mcnihil@aol.com,9,14
7417,catalog@hotmail.com,4,0
6326,twoflower@outlook.com,17,3
2084,boftx@me.com,15,3
7145,parkes@hotmail.com,2,5
4231,bdthomas@gmail.com,14,4
9534,lbaxter@me.com,0,2
7125,carcus@att.net,17,11
8202,fmerges@comcast.net,7,11
9119,stecoop@att.net,16,13
7049,stinson@yahoo.com,16,8
7060,sequin@me.com,15,15
1495,lamky@mac.com,18,6
1661,jaffe@outlook.com,9,8
6333,helger@att.net,19,15
1924,rgiersig@live.com,10,0
1496,esokullu@optonline.net,2,5
3980,tattooman@sbcglobal.net,1,6
5394,cvrcek@icloud.com,11,5
8075,jfriedl@mac.com,5,0
4707,stern@icloud.com,18,0
4123,jdhedden@live.com,2,2
9099,lbecchi@aol.com,9,14
3901,uncled@yahoo.ca,17,11
1538,sokol@hotmail.com,18,6
1311,aglassis@msn.com,10,9
7678,ajlitt@hotmail.com,17,11
2312,henkp@mac.com,6,4
5322,milton@gmail.com,12,4
5287,barlow@verizon.net,9,1
8430,studyabr@yahoo.com,15,6
7709,erynf@sbcglobal.net,15,3
3196,jeffcovey@msn.com,19,2
2482,panolex@gmail.com,13,12
3567,sinclair@comcast.net,0,1
5354,rcwil@msn.com,7,7
1670,grothoff@comcast.net,0,6
9913,suresh@live.com,17,2
8725,mrsam@yahoo.ca,15,2
1436,pontipak@live.com,2,7
4980,wbarker@icloud.com,16,3
2903,petersko@yahoo.com,9,11
7771,dinther@hotmail.com,6,15
8249,anicolao@gmail.com,15,12
5289,stevelim@yahoo.ca,20,11
9820,pkplex@comcast.net,10,7
4355,cvrcek@live.com,9,8
4112,rcwil@live.com,14,3
5929,jeffcovey@msn.com,2,0
8510,nicktrig@outlook.com,10,10
5466,eminence@aol.com,2,2
4139,jonadab@me.com,14,2
7691,mosses@att.net,20,8
4740,hedwig@me.com,2,7
8204,hermanab@yahoo.ca,3,11
3258,sethbrown@optonline.net,19,11
6903,knorr@yahoo.ca,19,4
5398,chlim@mac.com,19,11
1887,rafasgj@comcast.net,18,10
3377,dprice@me.com,20,6
4293,mfburgo@yahoo.ca,11,9
2878,mchugh@att.net,20,0
9515,agolomsh@att.net,14,14
3482,netsfr@comcast.net,19,4
1231,seasweb@yahoo.com,9,10
4166,mwandel@sbcglobal.net,6,10
9702,jonadab@verizon.net,8,11
9445,crowemojo@yahoo.ca,8,15
5939,jonathan@mac.com,16,9
7480,baveja@optonline.net,11,6
9041,emmanuel@outlook.com,8,5
5483,jbailie@optonline.net,12,8
8957,fallorn@mac.com,19,0
6148,mallanmba@yahoo.com,10,14
3742,rfoley@att.net,17,12
9383,keutzer@icloud.com,7,5
6929,majordick@msn.com,7,9
6559,nichoj@yahoo.ca,5,9
5665,majordick@mac.com,20,9
7857,wonderkid@comcast.net,9,4
9624,jimmichie@outlook.com,3,8
8663,geeber@mac.com,12,12
6244,barnett@gmail.com,19,0
7735,frikazoyd@outlook.com,6,15
7264,engelen@hotmail.com,12,10
5094,jbryan@me.com,9,9
1447,improv@msn.com,4,4
7061,jigsaw@msn.com,1,4
5704,dpriceatt.net,14,5
2381,chrisj@comcast.net,0,14
9880,bjoern@outlook.com,0,12
6539,satishr@msn.com,19,13
9408,thowell@me.com,2,10
8085,ateniese@optonline.net,3,11
9148,hutton@me.com,19,8
2966,kildjean@gmail.com,17,12
3013,syrinx@comcast.net,1,15
6792,dogdude@optonline.net,8,14
6993,mfleming@outlook.com,1,2
7240,hoangle@msn.com,1,5
4560,rfisher@mac.com,5,12
7206,ccohen@att.net,7,1
6876,fraser@yahoo.com,8,0
2420,mstrout@outlook.com,10,11
1176,lydia@yahoo.ca,17,0
5908,ozawa@outlook.com,20,6
6217,ewaters@att.net,11,11
4580,lishoy@outlook.com,6,10
5769,adillon@yahoo.ca,13,4
2229,tbeck@msn.com,14,13
4862,murdocj@att.net,20,13
3537,stevelim@yahoo.ca,15,7
8283,seebs@aol.com,10,5
4615,torgox@outlook.com,17,3
7217,bowmanbs@optonline.net,1,10
7253,flavell@me.com,1,3
5284,nweaver@att.net,7,14
6543,rogerspl@outlook.com,8,3
9343,solomon@comcast.net,17,11
7726,techie@outlook.com,3,15
8426,sherzodr@att.net,18,1
4637,boser@yahoo.ca,0,14
7875,dsugal@mac.com,16,8
5261,agolomsh@live.com,3,12
7658,kiddailey@hotmail.com,8,11
6826,dprice@msn.com,1,8
2365,mxiao@me.com,20,7
3121,rwelty@gmail.com,4,9
9001,cisugrad@sbcglobal.net,0,2
4354,mobileip@msn.com,2,0
5782,ajohnson@att.net,10,11
9627,cmdrgravy@me.com,15,1
3141,makarow@hotmail.com,14,7
8044,sabren@hotmail.com,18,10
6580,crimsane@yahoo.ca,20,9
5678,gfxguy@outlook.com,3,13
9128,rmcfarla@gmail.com,18,11
3472,dkeeler@aol.com,5,11
3885,koudas@verizon.net,16,14
2336,esbeck@comcast.net,1,0
9208,leviathan@hotmail.com,18,6
1327,steve@hotmail.com,3,11
6924,emcleod@msn.com,11,14
1691,british@hotmail.com,11,4
6293,dbindel@sbcglobal.net,11,6
3658,lishoy@sbcglobal.net,20,5
2942,arachne@gmail.com,17,10
7357,danny@aol.com,14,15
1617,ubergeeb@mac.com,20,11
6218,flaviog@mac.com,0,11
3307,gomor@sbcglobal.net,16,13
6506,phizntrg@comcast.net,3,2
9507,luebke@msn.com,15,0
1213,campware@optonline.net,5,12
9347,emmanuel@aol.com,6,7
1559,smallpaul@gmail.com,8,10
3968,eurohack@icloud.com,7,9
5295,bader@gmail.com,5,1
6164,galbra@hotmail.com,0,1
6455,preneel@icloud.com,12,0
3357,cremonini@msn.com,6,6
7362,carcus@aol.com,13,12
3943,marin@sbcglobal.net,9,12
8239,wildixon@mac.com,18,9
7057,mcraigw@mac.com,1,14
1237,harryh@optonline.net,5,11
1369,webinc@icloud.com,1,1
7306,bryam@mac.com,11,2
5964,singer@aol.com,5,12
7964,syncnine@aol.com,11,0
9165,dmath@optonline.net,18,6
8801,dobey@yahoo.ca,10,11
7909,dgatwood@comcast.net,5,8
3349,markjugg@gmail.com,0,8
7708,grolschie@hotmail.com,0,2
6710,sfoskett@sbcglobal.net,5,5
6609,stecoop@verizon.net,5,3
7349,mahbub@me.com,1,13
7983,suresh@icloud.com,5,11
2884,natepuri@icloud.com,3,12
7030,dprice@me.com,6,6
8694,retoh@icloud.com,12,7
8450,timtroyr@optonline.net,9,8
5499,gfxguy@att.net,15,2
5309,rwelty@hotmail.com,5,8
7944,mschilli@mac.com,11,9
8885,cremonini@outlook.com,13,5
9201,mlewan@yahoo.com,4,4
4469,storerm@me.com,1,10
9242,research@sbcglobal.net,15,1
3959,shaffei@optonline.net,10,6
4786,wmszeliga@hotmail.com,1,15
2662,retoh@att.net,12,7
6111,stinson@yahoo.com,5,10
5586,rande@sbcglobal.net,3,3
5125,pdbaby@comcast.net,7,7
8717,credmond@optonline.net,0,11
2147,rgiersig@hotmail.com,7,2
4603,afifi@att.net,9,2
7467,arathi@yahoo.com,20,0
3036,whimsy@comcast.net,6,12
9921,sumdumass@outlook.com,5,1
7686,rsmartin@verizon.net,18,8
5961,sisyphus@yahoo.com,12,10
2579,ewaters@sbcglobal.net,15,3
8318,aglassis@yahoo.com,20,13
8553,mstrout@yahoo.ca,3,9
8433,sagal@optonline.net,0,11
2153,heine@live.com,8,7
3477,nacho@comcast.net,2,14
5589,oevans@att.net,6,11
4959,jaesenj@gmail.com,10,1
3500,oechslin@me.com,18,9
5457,phizntrg@optonline.net,19,3
1668,fmtbebuck@outlook.com,6,0
5751,djupedal@icloud.com,13,15
4555,oster@live.com,3,5
9278,geeber@mac.com,16,11
2540,parksh@mac.com,19,7
2852,jimmichie@gmail.com,5,8
8511,raides@yahoo.ca,14,2
7029,quinn@optonline.net,18,8
1341,ngedmond@live.com,17,3
9954,sokol@icloud.com,17,12
9469,helger@yahoo.ca,11,3
7303,jeteve@aol.com,11,2
1121,fallorn@outlook.com,8,13
3384,aglassis@optonline.net,6,1
7426,stinson@me.com,1,14
1203,adamk@att.net,16,14
9869,pgottsch@comcast.net,10,10
1876,boftx@aol.com,16,15
1135,jadavis@yahoo.ca,8,12
2663,falcao@icloud.com,20,12
7973,murdocj@sbcglobal.net,7,14
3231,kempsonc@hotmail.com,20,12
9298,jfreedma@yahoo.com,3,0
3842,gordonjcp@verizon.net,20,7
3684,osrin@icloud.com,9,2
5675,podmaster@me.com,19,1
2353,rgarton@gmail.com,15,9
9698,dwheeler@att.net,14,12
7792,kimvette@mac.com,15,13
7729,sarah@s@aol.com,13,7
9420,lridener@icloud.com,9,9
1084,thowell@msn.com,11,14
4780,hahsler@hotmail.com,3,9
1215,corrada@gmail.com,9,0
5648,dunstan@optonline.net,0,15
5103,chaikin@optonline.net,8,12
4488,sagal@verizon.net,13,3
4091,weidai@sbcglobal.net,11,12
7345,mddallara@comcast.net,16,6
3419,tjensen@me.com,4,13
9194,library@att.net,1,7
4671,temmink@att.net,19,11
3443,seebs@aol.com,0,3
6646,fraterk@yahoo.ca,19,6
6185,syrinx@msn.com,1,5
5198,flavell@comcast.net,15,12
1834,kingma@yahoo.com,3,4
2455,heroine@msn.com,3,5
9481,tezbo@msn.com,19,6
7619,bancboy@aol.com,17,14
8706,baveja@yahoo.ca,14,10
3630,bradl@comcast.net,9,0
7754,jbarta@att.net,11,6
3379,chrisj@outlook.com,9,12
1513,teverett@yahoo.ca,16,15
4015,majordick@aol.com,6,8
1297,credmond@hotmail.com,20,9
5487,syrinx@aol.com,8,0
4183,trieuvan@gmail.com,11,11
6295,smcnabb@sbcglobal.net,19,11
5427,rgarton@yahoo.ca,0,0
4880,hikoza@verizon.net,19,3
4829,dodong@live.com,15,15
4150,jespley@me.com,0,9
5003,timlinux@mac.com,0,14
4005,ahmad@aol.com,12,5
3795,jaesenj@live.com,20,14
6961,dleconte@yahoo.com,15,7
9117,yfreund@verizon.net,18,2
4053,nicktrig@outlook.com,9,2
6977,benanov@optonline.net,16,13
8555,roesch@outlook.com,5,11
6887,comdig@comcast.net,0,3
1510,ngedmond@att.net,2,4
7774,pajas@yahoo.com,11,7
3966,lahvak@verizon.net,16,6
3398,morain@hotmail.com,15,15
8441,jaxweb@att.net,12,7
7805,suresh@yahoo.com,18,0
9992,osrin@outlook.com,12,3
6189,cgreuter@sbcglobal.net,16,0
6740,eabrown@sbcglobal.net,5,2
9087,wiseb@icloud.com,1,7
2812,symbolic@msn.com,11,1
2673,sburke@verizon.net,11,11
7431,kidehen@live.com,4,4
4330,cfhsoft@outlook.com,13,4
9667,jcholewa@icloud.com,7,7
4814,rfisher@yahoo.com,0,5
8343,lpalmer@optonline.net,17,6
9592,pfitza@hotmail.com,8,5
6727,burniske@hotmail.com,4,9
2414,jhardin@gmail.com,8,7
2704,sarahs@icloud.com,18,15
9047,garland@yahoo.com,0,15
2341,fwitness@icloud.com,3,15
8034,jesse@outlook.com,3,5
6097,xnormal@mac.com,2,5
8811,druschel@aol.com,0,13
9904,library@comcast.net,8,2
7672,richard@verizon.net,20,2
4258,geekgrl@mac.com,1,14
4444,marioph@mac.com,14,3
5533,pavel@live.com,14,12
8535,vertigo@yahoo.com,2,8
4982,afifi@yahoo.com,4,7
6436,portscan@yahoo.ca,7,10
1068,wayward@optonline.net,17,7
5542,kodeman@yahoo.ca,17,8
4810,zeller@msn.com,7,0
7237,frostman@live.com,15,11
5233,kdawson@att.net,16,11
8217,fairbank@msn.com,12,3
6662,djpig@comcast.net,4,0
4708,rddesign@gmail.com,9,1
7360,jginspace@live.com,7,3
4280,sonnen@yahoo.com,11,2
6703,parrt@gmail.com,7,8
3001,jpflip@me.com,17,3
8527,marcs@att.net,1,6
9079,gordonjcp@icloud.com,16,7
4695,kramulous@icloud.com,16,11
9941,gward@verizon.net,7,5
5000,lipeng@hotmail.com,0,11
9084,panolex@me.com,15,7
4384,jhardin@yahoo.ca,15,8
2843,parasite@mac.com,13,7
3235,smeier@outlook.com,10,9
1903,dawnsong@aol.com,20,0
9739,szymansk@aol.com,2,2
4981,doormat@optonline.net,5,5
1698,grdschl@optonline.net,0,4
6338,eidac@gmail.com,2,15
4888,trygstad@verizon.net,14,12
7379,alastair@mac.com,19,12
7989,jesse@att.net,15,2
6414,cumarana@icloud.com,5,12
2228,sekiya@icloud.com,4,7
3857,akoblin@comcast.net,14,12
5248,jsmith@sbcglobal.net,5,0
7484,dkeeler@yahoo.ca,15,5
1526,rande@me.com,1,0
3889,policies@msn.com,12,3
1366,ylchang@aol.com,9,14
4038,esbeck@aol.com,10,6
4915,keutzer@mac.com,6,0
6476,phish@mac.com,7,10
9136,ranasta@msn.com,6,5
2714,munjal@sbcglobal.net,12,2
5331,wortmanj@optonline.net,18,2
4989,njpayne@mac.com,1,5
7126,joelw@mac.com,13,2
9768,biglou@outlook.com,5,13
1656,heckerman@msn.com,12,3
4211,psichel@optonline.net,1,14
9030,goresky@yahoo.ca,8,6
8647,barlow@verizon.net,18,0
8049,matty@sbcglobal.net,4,7
2567,zwood@me.com,6,8
3082,afifi@yahoo.com,5,5
1486,adillon@mac.com,16,13
1986,malattia@optonline.net,4,11
5077,podmaster@optonline.net,2,11
6682,aardo@mac.com,0,15
8832,bbirth@gmail.com,1,13
8981,gastown@yahoo.com,11,0
3111,mccurley@verizon.net,15,5
3359,aibrahim@outlook.com,10,14
5269,ullman@me.com,12,3
7955,carreras@yahoo.com,16,1
1069,floxy@sbcglobal.net,10,3
7812,marioph@optonline.net,5,1
8263,bhtower@att.net,1,12
2900,smcnabb@optonline.net,13,15
9598,jespley@verizon.net,5,14
3920,wildixon@msn.com,18,6
1639,rohitm@icloud.com,4,0
1905,barjam@yahoo.com,6,10
9946,quantaman@msn.com,2,14
8474,wbarker@hotmail.com,5,3
3374,bachmann@aol.com,20,6
9823,chaki@me.com,12,10
7420,timlinux@yahoo.com,2,15
9755,mcrawfor@icloud.com,9,5
2861,gumpish@optonline.net,9,10
6586,hermes@aol.com,15,14
1235,bancboy@msn.com,14,10
5456,simone@icloud.com,6,14
8714,solomon@msn.com,11,9
2505,seasweb@yahoo.com,5,13
4911,miltchev@msn.com,16,12
2058,bancboy@msn.com,12,12
6043,daveewart@verizon.net,10,5
4127,kjetilk@yahoo.ca,19,15
7331,gastown@comcast.net,1,7
6167,tellis@live.com,7,14
4664,sjava@live.com,15,15
3256,augusto@yahoo.ca,13,8
5254,juliano@optonline.net,19,1
1923,thurston@comcast.net,4,14
8814,sinclair@icloud.com,14,10
1336,unreal@hotmail.com,14,8
7896,noahb@gmail.com,1,12
5276,mschwartz@me.com,0,11
2232,stefano@me.com,0,5
5593,nogin@live.com,5,14
7519,pgottsch@yahoo.ca,1,9
9527,dprice@sbcglobal.net,4,14
7090,mhoffman@verizon.net,3,11
1335,noahb@gmail.com,12,3
7893,jmmuller@sbcglobal.net,4,11
4863,hllam@mac.com,14,7
1974,louise@outlook.com,9,5
8445,uqmcolyv@icloud.com,20,2
7632,erynf@yahoo.ca,12,13
6375,elmer@yahoo.ca,20,13
1568,hedwig@msn.com,10,3
6353,willg@yahoo.ca,0,1
2787,jipsen@yahoo.ca,18,4
4339,sabren@optonline.net,17,10
7454,marcs@sbcglobal.net,11,2
2831,dsugal@optonline.net,3,8
7234,peoplesr@yahoo.com,17,0
7884,frosal@aol.com,9,13
3471,solomon@comcast.net,11,13
4099,msherr@sbcglobal.net,17,3
3014,parsimony@aol.com,20,10
8601,pfitza@sbcglobal.net,12,13
5383,cameron@icloud.com,9,3
5768,north@att.net,1,2
5752,bjoern@msn.com,8,9
3710,russotto@yahoo.ca,11,11
8166,facet@msn.com,2,14
6094,calin@sbcglobal.net,1,11
7112,granboul@optonline.net,7,10
7210,iamcal@att.net,11,0
7176,dhrakar@verizon.net,5,2
6950,ralamosm@me.com,20,15
1396,kevinm@yahoo.ca,11,15
7559,caidaperl@outlook.com,19,11
4963,lamky@outlook.com,17,14
8470,pspoole@aol.com,2,11
2300,phyruxus@outlook.com,9,5
2503,carcus@comcast.net,17,11
3461,garland@gmail.com,15,8
5684,miyop@yahoo.ca,11,9
1688,sequin@aol.com,1,14
3192,niknejad@yahoo.ca,16,5
3126,dmiller@comcast.net,10,14
5577,peoplesr@verizon.net,0,9
7757,crowl@yahoo.ca,2,1
8199,jsbach@me.com,0,11
8042,gilmoure@outlook.com,15,7
3133,gfody@yahoo.com,11,11
2596,chaffar@mac.com,16,11
9855,bbirth@me.com,6,9
4365,imightb@outlook.com,13,12
1791,dmath@aol.com,19,5
8093,mstrout@me.com,1,15
9557,kronvold@outlook.com,18,7
7221,ingolfke@mac.com,16,13
2332,kdawson@live.com,7,2
7823,nweaver@optonline.net,3,0
5705,sarahs@aol.com,13,6
3934,osrin@yahoo.com,8,2
7047,ilikered@msn.com,13,14
3535,alias@comcast.net,17,9
3056,delpino@live.com,16,3
4815,goresky@msn.com,10,9
1983,wildixon@me.com,20,11
8258,shawnce@yahoo.ca,1,14
5319,imightb@sbcglobal.net,13,3
8739,mglee@verizon.net,17,6
3612,raides@live.com,2,12
3506,rgiersig@outlook.com,8,3
7887,haddawy@sbcglobal.net,4,8
4877,cremonini@icloud.com,16,7
3105,chlim@verizon.net,17,8
2119,floxy@yahoo.ca,18,15
5927,gfxguy@verizon.net,5,10
6257,mkearl@msn.com,4,6
2738,smpeters@optonline.net,0,8
3843,bescoto@outlook.com,20,11
3744,mfleming@outlook.com,15,6
5431,cosimo@comcast.net,6,13
1519,grothoff@aol.com,14,11
3354,bhtower@hotmail.com,0,9
7261,wmszeliga@verizon.net,10,12
7273,bmidd@gmail.com,4,13
8982,carmena@att.net,7,13
5820,thurston@mac.com,14,4
4897,bbirth@hotmail.com,10,9
2786,denism@yahoo.com,10,2
4003,cumarana@mac.com,4,5
2926,atmarks@aol.com,3,12
9723,bhima@hotmail.com,11,0
3720,gator@aol.com,16,7
6654,geekgrl@live.com,11,13
3399,munge@comcast.net,5,0
7675,rwelty@yahoo.ca,12,0
2281,mwandel@live.com,5,1
2652,rfoley@sbcglobal.net,3,2
5600,simone@live.com,17,2
2218,luvirini@live.com,13,8
3309,grady@sbcglobal.net,9,13
8843,frode@msn.com,2,9
4746,mhassel@att.net,7,4
4768,enintend@yahoo.com,2,1
2059,gregh@aol.com,7,10
8925,shazow@hotmail.com,8,0
9528,staikos@outlook.com,7,0
8530,padme@gmail.com,18,5
8558,staikos@outlook.com,11,15
6756,thurston@yahoo.ca,9,6
1147,tattooman@comcast.net,20,11
7344,graham@gmail.com,19,3
9705,rupak@gmail.com,15,3
5566,bescoto@aol.com,7,3
5418,pereinar@msn.com,7,0
9018,philb@me.com,1,8
6045,malvar@sbcglobal.net,19,9
5984,shaffei@verizon.net,9,1
7064,boftx@aol.com,14,2
6081,jaarnial@verizon.net,13,11
1132,dkrishna@hotmail.com,5,11
9576,moxfulder@yahoo.ca,2,9
3260,flaviog@hotmail.com,14,14
9693,kostas@msn.com,16,15
9027,moinefou@yahoo.com,19,9
8303,kalpol@icloud.com,13,0
4056,shrapnull@verizon.net,11,11
6833,qmacro@yahoo.com,3,7
2428,zwood@outlook.com,6,14
3620,dleconte@me.com,11,13
7541,bester@me.com,15,15
7036,mdielmann@verizon.net,18,3
5773,roesch@mac.com,13,14
1658,campbell@live.com,12,10
3312,paley@verizon.net,7,11
7899,jhardin@icloud.com,15,11
2859,monopole@optonline.net,15,3
2600,debest@verizon.net,17,1
4129,metzzo@msn.com,20,11
9717,madanm@live.com,17,8
7618,curly@hotmail.com,16,3
1671,mcrawfor@outlook.com,13,12
1626,esokullu@sbcglobal.net,14,2
1452,speeves@comcast.net,17,3
4415,boein@yahoo.com,8,7
2250,dieman@sbcglobal.net,2,15
1695,onestab@optonline.net,19,0
3758,tezbo@yahoo.com,8,2
1141,elmer@icloud.com,13,4
4322,ganter@yahoo.ca,18,9
3782,jespley@msn.com,10,1
3302,guialbu@icloud.com,18,15
4607,vsprintf@hotmail.com,10,4
6027,wenzlaff@att.net,20,9
7214,atmarks@outlook.com,15,11
2829,dkeeler@live.com,14,6
3503,cmdrgravy@mac.com,20,11
7737,lcheng@mac.com,19,0
2815,denton@mac.com,13,11
1279,grothoff@yahoo.ca,0,8
2526,cumarana@yahoo.ca,1,7
6461,overbom@outlook.com,20,3
3892,dcoppit@att.net,6,5
7026,imightb@live.com,3,9
5720,kiddailey@hotmail.com,2,12
4374,maikelnai@att.net,9,15
1055,crypt@live.com,11,11
9003,forsberg@aol.com,15,5
2680,bdbrown@me.com,15,2
7587,grothoff@yahoo.ca,7,14
9066,karasik@comcast.net,4,11
2396,scotfl@verizon.net,11,6
3962,punkis@verizon.net,9,11
9781,godeke@optonline.net,0,1
6846,storerm@verizon.net,13,1
5118,ryanvm@yahoo.com,0,5
4514,gfxguy@sbcglobal.net,7,9
7329,jespley@mac.com,19,15
2583,tubesteak@att.net,0,2
7113,dwsauder@mac.com,3,10
4678,quantaman@outlook.com,4,1
8072,miami@gmail.com,13,7
5241,paina@sbcglobal.net,11,3
6508,nelson@me.com,10,3
2938,bigmauler@comcast.net,16,1
8377,rddesign@yahoo.ca,0,8
5277,markjugg@outlook.com,20,11
1939,bachmann@aol.com,19,8
8121,wojciech@me.com,11,14
1643,portele@live.com,11,10
9887,mmccool@yahoo.ca,7,5
7991,pakaste@sbcglobal.net,20,1
4974,wmszeliga@icloud.com,10,8
3690,bhima@gmail.com,15,7
3292,jfinke@hotmail.com,8,10
3190,chinthaka@msn.com,10,2
7586,philen@aol.com,7,3
3246,adhere@hotmail.com,5,2
6525,slanglois@icloud.com,12,6
4820,konit@mac.com,6,13
9495,mccurley@outlook.com,14,7
1318,reziac@comcast.net,18,9
3571,glenz@gmail.com,19,3
4288,andrei@outlook.com,5,3
6080,monopole@msn.com,9,8
7424,nwiger@gmail.com,9,9
6412,gmcgath@msn.com,16,11
6356,nichoj@verizon.net,9,5
1367,arathi@optonline.net,15,7
2467,oster@mac.com,12,12
1577,ullman@optonline.net,0,2
7705,wbarker@gmail.com,8,1
3655,agapow@verizon.net,8,11
8950,jaesenj@comcast.net,8,14
8491,ournews@icloud.com,12,14
7950,drjlaw@verizon.net,8,11
2070,gregh@aol.com,12,11
1838,ullman@verizon.net,3,11
3493,mhoffman@me.com,14,10
4402,parkes@gmail.com,14,3
7330,haddawy@msn.com,18,7
4207,jkegl@mac.com,1,12
5673,heckerman@gmail.com,5,8
5638,ducasse@mac.com,1,1
8821,sharon@yahoo.ca,13,2
6284,lauronen@verizon.net,2,7
8672,cparis@yahoo.ca,13,6
9685,library@yahoo.com,3,6
4631,fwitness@gmail.com,8,12
5259,gemmell@hotmail.com,10,0
5690,wagnerch@att.net,4,15
7529,firstpr@outlook.com,17,10
9457,pontipak@yahoo.com,12,9
9190,tbusch@outlook.com,8,10
7150,scarlet@live.com,2,10
4611,kiddailey@optonline.net,18,9
8224,tubajon@yahoo.com,2,7
5440,phizntrg@verizon.net,20,8
6571,stevelim@comcast.net,11,15
2121,parkes@gmail.com,13,7
7444,rgarcia@hotmail.com,3,3
3665,gtewari@yahoo.ca,3,9
9511,hakim@aol.com,9,2
9401,saridder@live.com,12,13
1762,pfitza@hotmail.com,16,7
8003,gerlo@verizon.net,5,3
1583,quinn@msn.com,7,12
1131,rgarcia@optonline.net,3,0
8399,falcao@mac.com,9,1
1860,frosal@gmail.com,7,13
1222,bogjobber@gmail.com,14,8
1349,jfreedma@mac.com,8,15
6403,bryam@gmail.com,11,7
6853,matsn@icloud.com,6,0
2408,brainless@yahoo.ca,16,5
1488,dwsauder@yahoo.com,9,1
5779,rgiersig@comcast.net,1,8
9692,kimvette@yahoo.com,15,15
9451,timtroyr@icloud.com,2,13
7017,evilopie@optonline.net,11,4
4135,luvirini@yahoo.com,7,8
9150,tmccarth@live.com,11,0
9316,tlinden@aol.com,1,1
4608,devphil@live.com,15,6
2712,vmalik@me.com,16,5
1380,hutton@outlook.com,20,14
4906,thowell@yahoo.com,2,9
4685,shaffei@comcast.net,20,7
1662,singer@mac.com,15,15
9140,geoffr@yahoo.ca,1,1
8198,xtang@sbcglobal.net,16,1
3138,amcuri@optonline.net,12,10
1427,sscorpio@icloud.com,20,7
2032,burns@msn.com,13,12
5610,rnelson@yahoo.ca,12,13
2235,andrei@yahoo.com,16,4
3295,hling@optonline.net,9,6
5741,dmouse@live.com,0,11
3807,lstaf@hotmail.com,14,8
4842,ryanshaw@gmail.com,9,7
5952,noahb@icloud.com,10,8
8014,vganesh@aol.com,19,3
3264,kodeman@me.com,18,12
1440,webdragon@msn.com,1,10